Mono path[0] = '/home/ati/.local/share/Steam/steamapps/common/Valheim/valheim_Data/Managed'
Mono config path = '/home/ati/.local/share/Steam/steamapps/common/Valheim/valheim_Data/MonoBleedingEdge/etc'
Preloaded 'libDiskSpacePlugin.so'
Preloaded 'libparty.so'
Preloaded 'libsteam_api.so'
Display 0 '0': 1366x768 (primary device).
[PhysX] Initialized MultithreadedTaskDispatcher with 4 workers.
Unable to load player prefs
Desktop is 1366 x 768 @ 60 Hz
[Vulkan init] extensions: count=24
[Vulkan init] extensions: name=VK_EXT_acquire_drm_display [enabled=0, external=0]
[Vulkan init] extensions: name=VK_EXT_acquire_xlib_display [enabled=0, external=0]
[Vulkan init] extensions: name=VK_EXT_debug_report [enabled=0, external=0]
[Vulkan init] extensions: name=VK_EXT_debug_utils [enabled=0, external=0]
[Vulkan init] extensions: name=VK_EXT_direct_mode_display [enabled=0, external=0]
[Vulkan init] extensions: name=VK_EXT_display_surface_counter [enabled=0, external=0]
[Vulkan init] extensions: name=VK_EXT_surface_maintenance1 [enabled=0, external=0]
[Vulkan init] extensions: name=VK_EXT_swapchain_colorspace [enabled=1, external=0]
[Vulkan init] extensions: name=VK_KHR_device_group_creation [enabled=0, external=0]
[Vulkan init] extensions: name=VK_KHR_display [enabled=1, external=0]
[Vulkan init] extensions: name=VK_KHR_external_fence_capabilities [enabled=1, external=0]
[Vulkan init] extensions: name=VK_KHR_external_memory_capabilities [enabled=1, external=0]
[Vulkan init] extensions: name=VK_KHR_external_semaphore_capabilities [enabled=1, external=0]
[Vulkan init] extensions: name=VK_KHR_get_display_properties2 [enabled=0, external=0]
[Vulkan init] extensions: name=VK_KHR_get_physical_device_properties2 [enabled=1, external=0]
[Vulkan init] extensions: name=VK_KHR_get_surface_capabilities2 [enabled=0, external=0]
[Vulkan init] extensions: name=VK_KHR_portability_enumeration [enabled=0, external=0]
[Vulkan init] extensions: name=VK_KHR_surface [enabled=1, external=0]
[Vulkan init] extensions: name=VK_KHR_surface_protected_capabilities [enabled=0, external=0]
[Vulkan init] extensions: name=VK_KHR_wayland_surface [enabled=1, external=0]
[Vulkan init] extensions: name=VK_KHR_xcb_surface [enabled=0, external=0]
[Vulkan init] extensions: name=VK_KHR_xlib_surface [enabled=1, external=0]
[Vulkan init] extensions: name=VK_LUNARG_direct_driver_loading [enabled=0, external=0]
[Vulkan init] extensions: name=VK_NV_display_stereo [enabled=0, external=0]
Vulkan detection: 0
Initialize engine version: 2022.3.50f1 (c3db7f8bf9b1)
[Subsystems] Discovering subsystems at path /home/ati/.local/share/Steam/steamapps/common/Valheim/valheim_Data/UnitySubsystems
GfxDevice: creating device client; threaded=1; jobified=0
GfxDevice: creating device client; threaded=1; jobified=0
Renderer: Mesa Intel(R) HD Graphics 520 (SKL GT2)
Vendor:   Intel
Version:  4.6 (Core Profile) Mesa 24.3.3-arch1.2
GLES:     0
 GL_3DFX_texture_compression_FXT1 GL_AMD_conservative_depth GL_AMD_depth_clamp_separate GL_AMD_draw_buffers_blend GL_AMD_gpu_shader_int64 GL_AMD_multi_draw_indirect GL_AMD_performance_monitor GL_AMD_pinned_memory GL_AMD_query_buffer_object GL_AMD_seamless_cubemap_per_texture GL_AMD_shader_stencil_export GL_AMD_shader_trinary_minmax GL_AMD_texture_texture4 GL_AMD_vertex_shader_layer GL_AMD_vertex_shader_viewport_index GL_ANGLE_texture_compression_dxt3 GL_ANGLE_texture_compression_dxt5 GL_ARB_ES2_compatibility GL_ARB_ES3_1_compatibility GL_ARB_ES3_2_compatibility GL_ARB_ES3_compatibility GL_ARB_arrays_of_arrays GL_ARB_base_instance GL_ARB_blend_func_extended GL_ARB_buffer_storage GL_ARB_clear_buffer_object GL_ARB_clear_texture GL_ARB_clip_control GL_ARB_compressed_texture_pixel_storage GL_ARB_compute_shader GL_ARB_compute_variable_group_size GL_ARB_conditional_render_inverted GL_ARB_conservative_depth GL_ARB_copy_buffer GL_ARB_copy_image GL_ARB_cull_distance GL_ARB_debug_output GL_ARB_depth_buffer_float GL_ARB
_depth_clamp GL_ARB_derivative_control GL_ARB_direct_state_access GL_ARB_draw_buffers GL_ARB_draw_buffers_blend GL_ARB_draw_elements_base_vertex GL_ARB_draw_indirect GL_ARB_draw_instanced GL_ARB_enhanced_layouts GL_ARB_explicit_attrib_location GL_ARB_explicit_uniform_location GL_ARB_fragment_coord_conventions GL_ARB_fragment_layer_viewport GL_ARB_fragment_shader GL_ARB_fragment_shader_interlock GL_ARB_framebuffer_no_attachments GL_ARB_framebuffer_object GL_ARB_framebuffer_sRGB GL_ARB_get_program_binary GL_ARB_get_texture_sub_image GL_ARB_gl_spirv GL_ARB_gpu_shader5 GL_ARB_gpu_shader_fp64 GL_ARB_gpu_shader_int64 GL_ARB_half_float_pixel GL_ARB_half_float_vertex GL_ARB_indirect_parameters GL_ARB_instanced_arrays GL_ARB_internalformat_query GL_ARB_internalformat_query2 GL_ARB_invalidate_subdata GL_ARB_map_buffer_alignment GL_ARB_map_buffer_range GL_ARB_multi_bind GL_ARB_multi_draw_indirect GL_ARB_occlusion_query2 GL_ARB_parallel_shader_compile GL_ARB_pipeline_statistics_query GL_ARB_pixel_buffer_object GL_ARB_po
int_sprite GL_ARB_polygon_offset_clamp GL_ARB_post_depth_coverage GL_ARB_program_interface_query GL_ARB_provoking_vertex GL_ARB_query_buffer_object GL_ARB_robust_buffer_access_behavior GL_ARB_robustness GL_ARB_sample_shading GL_ARB_sampler_objects GL_ARB_seamless_cube_map GL_ARB_seamless_cubemap_per_texture GL_ARB_separate_shader_objects GL_ARB_shader_atomic_counter_ops GL_ARB_shader_atomic_counters GL_ARB_shader_ballot GL_ARB_shader_bit_encoding GL_ARB_shader_clock GL_ARB_shader_draw_parameters GL_ARB_shader_group_vote GL_ARB_shader_image_load_store GL_ARB_shader_image_size GL_ARB_shader_objects GL_ARB_shader_precision GL_ARB_shader_stencil_export GL_ARB_shader_storage_buffer_object GL_ARB_shader_subroutine GL_ARB_shader_texture_image_samples GL_ARB_shader_texture_lod GL_ARB_shader_viewport_layer_array GL_ARB_shading_language_420pack GL_ARB_shading_language_include GL_ARB_shading_language_packing GL_ARB_spirv_extensions GL_ARB_stencil_texturing GL_ARB_sync GL_ARB_tessellation_shader GL_ARB_texture_barrier G
L_ARB_texture_border_clamp GL_ARB_texture_buffer_object GL_ARB_texture_buffer_object_rgb32 GL_ARB_texture_buffer_range GL_ARB_texture_compression_bptc GL_ARB_texture_compression_rgtc GL_ARB_texture_cube_map_array GL_ARB_texture_filter_anisotropic GL_ARB_texture_float GL_ARB_texture_gather GL_ARB_texture_mirror_clamp_to_edge GL_ARB_texture_multisample GL_ARB_texture_non_power_of_two GL_ARB_texture_query_levels GL_ARB_texture_query_lod GL_ARB_texture_rectangle GL_ARB_texture_rg GL_ARB_texture_rgb10_a2ui GL_ARB_texture_stencil8 GL_ARB_texture_storage GL_ARB_texture_storage_multisample GL_ARB_texture_swizzle GL_ARB_texture_view GL_ARB_timer_query GL_ARB_transform_feedback2 GL_ARB_transform_feedback3 GL_ARB_transform_feedback_instanced GL_ARB_transform_feedback_overflow_query GL_ARB_uniform_buffer_object GL_ARB_vertex_array_bgra GL_ARB_vertex_array_object GL_ARB_vertex_attrib_64bit GL_ARB_vertex_attrib_binding GL_ARB_vertex_buffer_object GL_ARB_vertex_shader GL_ARB_vertex_type_10f_11f_11f_rev GL_ARB_vertex_type_2
_10_10_10_rev GL_ARB_viewport_array GL_ATI_blend_equation_separate GL_ATI_texture_float GL_EXT_EGL_image_storage GL_EXT_EGL_image_storage_compression GL_EXT_EGL_sync GL_EXT_abgr GL_EXT_blend_equation_separate GL_EXT_debug_label GL_EXT_demote_to_helper_invocation GL_EXT_draw_buffers2 GL_EXT_draw_instanced GL_EXT_framebuffer_blit GL_EXT_framebuffer_multisample GL_EXT_framebuffer_multisample_blit_scaled GL_EXT_framebuffer_object GL_EXT_framebuffer_sRGB GL_EXT_memory_object GL_EXT_memory_object_fd GL_EXT_packed_depth_stencil GL_EXT_packed_float GL_EXT_pixel_buffer_object GL_EXT_polygon_offset_clamp GL_EXT_provoking_vertex GL_EXT_semaphore GL_EXT_semaphore_fd GL_EXT_shader_framebuffer_fetch GL_EXT_shader_framebuffer_fetch_non_coherent GL_EXT_shader_integer_mix GL_EXT_shader_samples_identical GL_EXT_texture_array GL_EXT_texture_compression_dxt1 GL_EXT_texture_compression_rgtc GL_EXT_texture_compression_s3tc GL_EXT_texture_filter_anisotropic GL_EXT_texture_integer GL_EXT_texture_sRGB GL_EXT_texture_sRGB_R8 GL_EXT_t
exture_sRGB_decode GL_EXT_texture_shadow_lod GL_EXT_texture_shared_exponent GL_EXT_texture_snorm GL_EXT_texture_storage GL_EXT_texture_swizzle GL_EXT_timer_query GL_EXT_transform_feedback GL_EXT_vertex_array_bgra GL_EXT_vertex_attrib_64bit GL_IBM_multimode_draw_arrays GL_INTEL_blackhole_render GL_INTEL_conservative_rasterization GL_INTEL_performance_query GL_INTEL_shader_atomic_float_minmax GL_INTEL_shader_integer_functions2 GL_KHR_blend_equation_advanced GL_KHR_blend_equation_advanced_coherent GL_KHR_context_flush_control GL_KHR_debug GL_KHR_no_error GL_KHR_parallel_shader_compile GL_KHR_robust_buffer_access_behavior GL_KHR_robustness GL_KHR_texture_compression_astc_ldr GL_KHR_texture_compression_astc_sliced_3d GL_MESA_framebuffer_flip_y GL_MESA_pack_invert GL_MESA_shader_integer_functions GL_MESA_texture_const_bandwidth GL_MESA_texture_signed_rgba GL_NV_alpha_to_coverage_dither_control GL_NV_compute_shader_derivatives GL_NV_conditional_render GL_NV_copy_image GL_NV_depth_clamp GL_NV_fragment_shader_interlo
ck GL_NV_packed_depth_stencil GL_NV_texture_barrier GL_OES_EGL_image GL_S3_s3tc
OPENGL LOG: Creating OpenGL 4.6 graphics device ; Context level  <OpenGL 4.5> ; Context handle 430282960
Begin MonoManager ReloadAssembly
- Loaded All Assemblies, in  0.325 seconds
- Finished resetting the current domain, in  0.003 seconds
Default vsync count 1
requesting resize 1366 x 768
resizing window to 1366 x 768
Desktop is 1366 x 768 @ 60 Hz
[PhysX] Initialized MultithreadedTaskDispatcher with 4 workers.
UnloadTime: 3.873601 ms
Privilege Multiplayer is not known on this platform. Privilege therefore is granted without check...
Privilege UserGeneratedContent is not known on this platform. Privilege therefore is granted without check...
Privilege CrossPlay is not known on this platform. Privilege therefore is granted without check...
02/15/2025 19:17:36: Set background loading budget to Low
Desktop is 1366 x 768 @ 60 Hz
Unloading 5 Unused Serialized files (Serialized files now loaded: 9)
[PhysX] Initialized MultithreadedTaskDispatcher with 4 workers.
UnloadTime: 0.224074 ms
02/15/2025 19:17:37: Fetching PlatformPrefs 'GuiScale' before loading defaults
02/15/2025 19:17:37: Fetching PlatformPrefs 'GuiScale' before loading defaults
Unloading 173 unused Assets to reduce memory usage. Loaded Objects now: 2259.
Total: 2.323441 ms (FindLiveObjects: 0.148734 ms CreateObjectMapping: 0.084333 ms MarkObjects: 1.879410 ms  DeleteObjects: 0.210535 ms)

02/15/2025 19:17:37: Starting to load scene:start.unity (169d7618616154c03be07e9ad3af5893)
02/15/2025 19:17:37: Set background loading budget to Normal
02/15/2025 19:17:41: Set background loading budget to High
The referenced script on this Behaviour (Game Object '<null>') is missing!
The referenced script on this Behaviour (Game Object '<null>') is missing!
Couldn't create a Convex Mesh from source mesh "default" within the maximum polygons limit (256). The partial hull will be used. Consider simplifying your mesh.
Couldn't create a Convex Mesh from source mesh "default" within the maximum polygons limit (256). The partial hull will be used. Consider simplifying your mesh.
The referenced script on this Behaviour (Game Object '<null>') is missing!
Unloading 3 Unused Serialized files (Serialized files now loaded: 1296)
02/15/2025 19:19:00: Set background loading budget to Low
[PhysX] Initialized MultithreadedTaskDispatcher with 4 workers.
UnloadTime: 23.112738 ms
Only custom filters can be played. Please add a custom filter or an audioclip to the audiosource (Amb_MainMenu).
02/15/2025 19:19:00: Missing audio clip in music respawn
02/15/2025 19:19:00: Using environment steamid 892970
02/15/2025 19:19:00: Using steam APPID:892970
[S_API] SteamAPI_Init(): Loaded '/home/ati/.local/share/Steam/linux64/steamclient.so' OK.
Setting breakpad minidump AppID = 892970
SteamInternal_SetMinidumpSteamID:  Caching Steam ID:  76561199826598145 [API loaded no]
02/15/2025 19:19:01: Authentication:k_ESteamNetworkingAvailability_Attempting
02/15/2025 19:19:01: Steam initialized, persona:mohattiads
02/15/2025 19:19:01: PlayFab custom ID set to "Steam_76561199826598145"
02/15/2025 19:19:01: Using default prefs
02/15/2025 19:19:01: Valheim version: l-0.219.16 (network version 32)
Trying to set graphic mode to 'Custom'
Graphic mode 'Custom' applied!
02/15/2025 19:19:01: Worldgenerator version setup:2
02/15/2025 19:19:01: Render threading mode:MultiThreaded
02/15/2025 19:19:01: Checking for installed DLCs
02/15/2025 19:19:01: DLC:beta installed:False
02/15/2025 19:19:01: Builder started
02/15/2025 19:19:01: Loaded localization file #0 - 'localization' language: 'English'
02/15/2025 19:19:01: Loaded localization file #1 - 'localization_extra' language: 'English'
02/15/2025 19:19:01: Loaded localization file #2 - 'heightmap_message' language: 'English'
02/15/2025 19:19:01: Loaded localization file #3 - 'localization_witch' language: 'English'
02/15/2025 19:19:01: Loaded localization file #4 - 'localization_emotes' language: 'English'
02/15/2025 19:19:01: Loaded localization file #5 - 'localization_ashlands' language: 'English'
02/15/2025 19:19:01: Loaded localization file #6 - 'localization_captions' language: 'English'
02/15/2025 19:19:01: Sending PlayFab login request (attempt 1)
02/15/2025 19:19:01: Starting music menu
02/15/2025 19:19:05: PlayFab logged in as "Steam_76561199826598145"
02/15/2025 19:19:05: PlayFab local entity ID is 1E2D9CB9F9E96EE2
Unloading 87585 unused Assets to reduce memory usage. Loaded Objects now: 201653.
Total: 257.275418 ms (FindLiveObjects: 22.268428 ms CreateObjectMapping: 42.147964 ms MarkObjects: 116.306952 ms  DeleteObjects: 76.550904 ms)

1366 x 768 @ 60Hz
02/15/2025 19:19:16: Activating default element MouseSensitivity
02/15/2025 19:19:17: Activating default element Resolution
02/15/2025 19:19:27: Activating default element MasterVolume
02/15/2025 19:19:30: Activating default element MasterVolume
02/15/2025 19:19:32: Activating default element MasterVolume
02/15/2025 19:19:33: Activating default element MasterVolume
02/15/2025 19:19:38: Activating default element MasterVolume
02/15/2025 19:19:39: Activating default element Resolution
02/15/2025 19:19:47: Activating default element Resolution
02/15/2025 19:19:54: Activating default element Resolution
02/15/2025 19:20:10: Loaded localization file #0 - 'localization' language: 'English'
02/15/2025 19:20:10: Loaded localization file #1 - 'localization_extra' language: 'English'
02/15/2025 19:20:10: Loaded localization file #2 - 'heightmap_message' language: 'English'
02/15/2025 19:20:10: Loaded localization file #3 - 'localization_witch' language: 'English'
02/15/2025 19:20:10: Loaded localization file #4 - 'localization_emotes' language: 'English'
02/15/2025 19:20:10: Loaded localization file #5 - 'localization_ashlands' language: 'English'
02/15/2025 19:20:10: Loaded localization file #6 - 'localization_captions' language: 'English'
Trying to set graphic mode to 'Custom'
Graphic mode 'Custom' applied!
02/15/2025 19:20:10: Activating default element Resolution
1366 x 768 @ 60Hz
02/15/2025 19:20:17: Activating default element Left
02/15/2025 19:20:18: Activating default element Left
02/15/2025 19:20:18: Activating default element Resolution
Trying to set graphic mode to 'Performance'
Graphic mode 'Performance' applied!
02/15/2025 19:20:27: Activating default element Resolution
1366 x 768 @ 60Hz
02/15/2025 19:20:34: Activating default element Left
02/15/2025 19:20:34: Activating default element Left
02/15/2025 19:20:35: Activating default element Left
02/15/2025 19:20:35: Activating default element Resolution
Trying to set graphic mode to 'Custom'
Graphic mode 'Custom' applied!
02/15/2025 19:20:44: Activating default element Resolution
02/15/2025 19:20:48: show character selection
02/15/2025 19:21:04: Set hair 1
02/15/2025 19:21:05: Set hair 2
02/15/2025 19:21:06: Set hair 3
02/15/2025 19:21:15: Cloud Save: 787 bytes. /characters/medo.fch.new
02/15/2025 19:21:15: Steam writing file chunks 1 / 1, (787 bytes)
02/15/2025 19:21:15: Steam Cloud Move: 787 bytes. /characters/medo.fch.new -> /characters/medo.fch
02/15/2025 19:21:15: Steam writing file chunks 1 / 1, (787 bytes)
02/15/2025 19:21:15: Considering autobackup. World time: 0, short time: 7200, long time: 43200, backup count: 2
02/15/2025 19:21:15: Creating first autobackup
02/15/2025 19:21:15: Saving backup at: medo_backup_auto-20250215192115
02/15/2025 19:21:15: Cloud Copy: 787 bytes. characters/medo.fch -> characters/medo_backup_auto-20250215192115.fch
02/15/2025 19:21:15: Steam writing file chunks 1 / 1, (787 bytes)
02/15/2025 19:21:21: OnCharacterStart
02/15/2025 19:21:33: Cloud Save: 47 bytes. /worlds/Minaas.fwl
02/15/2025 19:21:33: Steam writing file chunks 1 / 1, (47 bytes)
02/15/2025 19:21:33: Considering autobackup. World time: 0, short time: 7200, long time: 43200, backup count: 2
02/15/2025 19:21:33: Creating first autobackup
02/15/2025 19:21:33: Saving backup at: Minaas_backup_auto-20250215192133
02/15/2025 19:21:33: Cloud Copy: 47 bytes. worlds/Minaas.fwl -> worlds/Minaas_backup_auto-20250215192133.fwl
02/15/2025 19:21:33: Steam writing file chunks 1 / 1, (47 bytes)
02/15/2025 19:21:37: Loading main scene
The referenced script on this Behaviour (Game Object '<null>') is missing!
Unloading 3 Unused Serialized files (Serialized files now loaded: 1297)
[PhysX] Initialized MultithreadedTaskDispatcher with 4 workers.
UnloadTime: 20.730316 ms
02/15/2025 19:21:38: Audioman already exist, destroying self
02/15/2025 19:21:38: Steam initialized, persona:mohattiads
02/15/2025 19:21:38: PlayFab custom ID set to "Steam_76561199826598145"
02/15/2025 19:21:38: Using default prefs
02/15/2025 19:21:38: Loading player profile medo
02/15/2025 19:21:38: isModded: False
02/15/2025 19:21:38: Zonesystem Awake 6614
02/15/2025 19:21:38: DungeonDB Awake 6614
02/15/2025 19:21:38: Steam initialized, persona:mohattiads
02/15/2025 19:21:38: Worldgenerator version setup:2
02/15/2025 19:21:41: Checking for installed DLCs
02/15/2025 19:21:41: DLC:beta installed:False
Unloading 381 unused Assets to reduce memory usage. Loaded Objects now: 200429.
Total: 121.981234 ms (FindLiveObjects: 11.567589 ms CreateObjectMapping: 23.095320 ms MarkObjects: 86.210683 ms  DeleteObjects: 1.106911 ms)

02/15/2025 19:21:41: Zonesystem Start 6614
02/15/2025 19:21:41: Added 3 locations, 0 vegetations, 0 environments, 0 biome env-setups, 0 clutter  from main
02/15/2025 19:21:41: Added 1 locations, 0 vegetations, 2 environments, 0 biome env-setups, 0 clutter  from main
02/15/2025 19:21:41: Added 27 locations, 25 vegetations, 5 environments, 1 biome env-setups, 3 clutter  from main
02/15/2025 19:21:41: Added 4 locations, 0 vegetations, 1 environments, 0 biome env-setups, 0 clutter  from main
02/15/2025 19:21:41: Added 25 locations, 33 vegetations, 8 environments, 2 biome env-setups, 2 clutter  from main
02/15/2025 19:21:41: DungeonDB Start 6614
02/15/2025 19:21:41: ZRpc timeout set to 30s 
02/15/2025 19:21:41: ZNET START
02/15/2025 19:21:41: Load world: Minaas (Minaas)
02/15/2025 19:21:41:   missing /worlds/Minaas.db
Am I Host? True
02/15/2025 19:21:42: Starting respawn
02/15/2025 19:21:52: Generating new world minimap done [10215ms]
02/15/2025 19:21:53: tip:$loadscreen_tip24
02/15/2025 19:21:53: Generating locations
02/15/2025 19:22:09: tip:$loadscreen_tip10
02/15/2025 19:22:10: tip:$loadscreen_tip22
02/15/2025 19:22:10: tip:$loadscreen_tip03
02/15/2025 19:22:11: tip:$loadscreen_tip12
02/15/2025 19:22:24: Failed to place all Grave1, placed 85 out of 200
02/15/2025 19:22:27: Failed to place all SwampRuin1, placed 21 out of 30
02/15/2025 19:22:29: Failed to place all SwampRuin2, placed 7 out of 30
02/15/2025 19:22:32: Failed to place all FireHole, placed 26 out of 75
02/15/2025 19:22:41: tip:$loadscreen_tip14
02/15/2025 19:22:42: tip:$loadscreen_tip05
02/15/2025 19:22:42: Failed to place all GoblinCamp2, placed 199 out of 200
02/15/2025 19:22:42: tip:$loadscreen_tip23
02/15/2025 19:22:44: tip:$loadscreen_tip13
02/15/2025 19:22:50: Failed to place all TrollCave02, placed 193 out of 200
02/15/2025 19:23:04: Failed to place all SwampHut3, placed 42 out of 50
02/15/2025 19:23:33: Failed to place all TarPit1, placed 73 out of 100
02/15/2025 19:23:37: Failed to place all TarPit2, placed 10 out of 100
02/15/2025 19:23:40: Failed to place all TarPit3, placed 93 out of 100
02/15/2025 19:23:47: Failed to place all MountainCave02, placed 131 out of 160
02/15/2025 19:23:54: tip:$loadscreen_tip08
02/15/2025 19:23:55: tip:$loadscreen_tip18
02/15/2025 19:23:55: tip:$loadscreen_tip07
02/15/2025 19:23:55: tip:$loadscreen_tip09
02/15/2025 19:23:55: tip:$loadscreen_tip06
02/15/2025 19:23:56: tip:$loadscreen_tip20
02/15/2025 19:23:56: tip:$loadscreen_tip02
02/15/2025 19:23:56: tip:$loadscreen_tip25
02/15/2025 19:23:56: tip:$loadscreen_tip16
02/15/2025 19:23:57: tip:$loadscreen_tip21
02/15/2025 19:23:57: tip:$loadscreen_tip17
02/15/2025 19:23:57: tip:$loadscreen_tip15
02/15/2025 19:23:57: tip:$loadscreen_tip04
02/15/2025 19:23:58: tip:$loadscreen_tip01
02/15/2025 19:24:08: Failed to place all FortressRuins, placed 79 out of 100
02/15/2025 19:24:17: tip:$loadscreen_tip11
02/15/2025 19:24:19: tip:$loadscreen_tip19
02/15/2025 19:24:20: tip:$loadscreen_tip24
02/15/2025 19:24:22: tip:$loadscreen_tip10
02/15/2025 19:24:23: tip:$loadscreen_tip22
02/15/2025 19:24:23: tip:$loadscreen_tip03
02/15/2025 19:24:23: Show intro 8060
02/15/2025 19:24:23: Show text YOU DIED:Long ago, the Allfather Odin united the worlds. He threw down his foes and cast them into the tenth world, then split the boughs which held their prison to the World-Tree, and left it to drift unanchored, a place of exile…



For centuries, this world slumbered uneasily. But it did not die... As glacial ages passed, kingdoms rose and fell out of sight of the Gods.



When Odin heard his enemies were growing once again in strength, he looked to Midgard and sent his Valkyries to scour the battlefields for the greatest of their warriors. Dead to the world, they would be born again…



…in VALHEIM!
02/15/2025 19:24:23: Starting music intro
02/15/2025 19:24:23: tip:$loadscreen_tip12
02/15/2025 19:24:27: tip:$loadscreen_tip14
02/15/2025 19:24:28: tip:$loadscreen_tip05
02/15/2025 19:24:29: tip:$loadscreen_tip23
02/15/2025 19:24:29: tip:$loadscreen_tip13
02/15/2025 19:24:29: tip:$loadscreen_tip08
02/15/2025 19:24:30: tip:$loadscreen_tip18
02/15/2025 19:24:30: Activating default element Continue
02/15/2025 19:24:31: tip:$loadscreen_tip07
02/15/2025 19:24:31: tip:$loadscreen_tip09
02/15/2025 19:24:31: tip:$loadscreen_tip06
02/15/2025 19:24:31: tip:$loadscreen_tip20
02/15/2025 19:24:32: tip:$loadscreen_tip02
02/15/2025 19:24:32: tip:$loadscreen_tip25
02/15/2025 19:24:34: tip:$loadscreen_tip16
02/15/2025 19:24:34: tip:$loadscreen_tip21
02/15/2025 19:24:34: tip:$loadscreen_tip17
02/15/2025 19:24:35: tip:$loadscreen_tip15
02/15/2025 19:24:35: tip:$loadscreen_tip04
02/15/2025 19:24:39: tip:$loadscreen_tip01
02/15/2025 19:24:40: tip:$loadscreen_tip11
02/15/2025 19:24:40: tip:$loadscreen_tip19
02/15/2025 19:24:45: tip:$loadscreen_tip24
02/15/2025 19:24:45: tip:$loadscreen_tip10
02/15/2025 19:24:47: tip:$loadscreen_tip22
02/15/2025 19:24:47: tip:$loadscreen_tip03
02/15/2025 19:24:47: tip:$loadscreen_tip12
02/15/2025 19:24:52: tip:$loadscreen_tip14
02/15/2025 19:24:52: tip:$loadscreen_tip05
02/15/2025 19:24:53: tip:$loadscreen_tip23
02/15/2025 19:24:53: tip:$loadscreen_tip13
02/15/2025 19:24:54: tip:$loadscreen_tip08
02/15/2025 19:24:54: tip:$loadscreen_tip18
02/15/2025 19:24:54: tip:$loadscreen_tip07
02/15/2025 19:25:05: tip:$loadscreen_tip09
02/15/2025 19:25:05: Failed to place all CharredTowerRuins3, placed 34 out of 40
02/15/2025 19:25:09: tip:$loadscreen_tip06
02/15/2025 19:25:14: tip:$loadscreen_tip20
02/15/2025 19:25:15: tip:$loadscreen_tip02
02/15/2025 19:25:15: tip:$loadscreen_tip25
02/15/2025 19:25:16: tip:$loadscreen_tip16
02/15/2025 19:25:19: Failed to place all MorgenHole3, placed 32 out of 40
02/15/2025 19:25:21:  Done generating locations, duration:207555.842 ms
02/15/2025 19:25:21: Force generating hmap (0.00, 0.00, 0.00)
02/15/2025 19:25:21: Placed locations in zone 0,0  duration 48.39 ms
02/15/2025 19:25:22: Missing stat for guardian power: 
02/15/2025 19:25:22: Setting up valkyrie 
02/15/2025 19:25:22: World pos (-142.27, 190.00, -783.51)   (-141.99, 189.44, -783.63)
02/15/2025 19:25:22: Skipping unloading unused assets
02/15/2025 19:25:22: Minimap: Adding unique location (-2.04, 35.95, 4.11)
02/15/2025 19:25:28: Placed locations in zone -2,-9  duration 146.196 ms
02/15/2025 19:25:28: Placed locations in zone -1,-13  duration 25.791 ms
02/15/2025 19:25:29: Placed locations in zone 1,-10  duration 4.92 ms
02/15/2025 19:25:29: Placed locations in zone -1,-8  duration 2.594 ms
02/15/2025 19:25:30: Placed locations in zone 0,-13  duration 99.77 ms
02/15/2025 19:25:31: Force generating hmap (0.00, 0.00, -576.00)
02/15/2025 19:25:31: Placed locations in zone 0,-9  duration 16.454 ms
02/15/2025 19:25:31: Placed locations in zone 2,-9  duration 9.827 ms
02/15/2025 19:25:32: Placed locations in zone -4,-8  duration 16.273 ms
02/15/2025 19:25:32: Loading dungeon
02/15/2025 19:25:32: Dungeon loaded with 0 rooms from old format in 1.528 ms.
02/15/2025 19:25:32: Generating DG_ForestCrypt(Clone), Seed: 1003199246, Bounds diff: (-20.73, -32.00, -25.17) / (43.27, 32.00, 38.83)
02/15/2025 19:25:32: Available rooms:18
02/15/2025 19:25:32: To place:40
02/15/2025 19:25:32: Connections 4
02/15/2025 19:25:32: placed 8 doors
02/15/2025 19:25:32: Placed 23 rooms
02/15/2025 19:25:32: Placed locations in zone 1,-9  duration 140.147 ms
02/15/2025 19:25:33: Loading dungeon
02/15/2025 19:25:33: Dungeon loaded with 0 rooms from old format in 0.052 ms.
02/15/2025 19:25:33: Generating DG_ForestCrypt(Clone), Seed: 1004233268, Bounds diff: (-39.37, -32.00, -22.23) / (24.63, 32.00, 41.77)
02/15/2025 19:25:33: Available rooms:18
02/15/2025 19:25:33: To place:40
02/15/2025 19:25:33: Connections 4
02/15/2025 19:25:33: placed 4 doors
02/15/2025 19:25:33: Placed 12 rooms
02/15/2025 19:25:33: Placed locations in zone -3,-9  duration 66.654 ms
02/15/2025 19:25:33: Loading dungeon
02/15/2025 19:25:33: Dungeon loaded with 0 rooms from old format in 0.05 ms.
02/15/2025 19:25:33: Generating DG_ForestCrypt(Clone), Seed: 1003809976, Bounds diff: (-28.00, -32.00, -36.04) / (36.00, 32.00, 27.96)
02/15/2025 19:25:33: Available rooms:18
02/15/2025 19:25:33: To place:40
02/15/2025 19:25:33: Connections 4
02/15/2025 19:25:33: All required rooms have been placed, stopping generation
02/15/2025 19:25:33: placed 11 doors
02/15/2025 19:25:33: Placed 34 rooms
02/15/2025 19:25:33: Placed locations in zone -2,-8  duration 103.548 ms
02/15/2025 19:25:34: Loading dungeon
02/15/2025 19:25:34: Dungeon loaded with 0 rooms from old format in 0.052 ms.
02/15/2025 19:25:34: Generating DG_ForestCrypt(Clone), Seed: 1002726056, Bounds diff: (-30.86, -32.00, -29.91) / (33.14, 32.00, 34.09)
02/15/2025 19:25:34: Available rooms:18
02/15/2025 19:25:34: To place:40
02/15/2025 19:25:34: Connections 4
02/15/2025 19:25:34: placed 11 doors
02/15/2025 19:25:34: Placed 27 rooms
02/15/2025 19:25:34: Placed locations in zone 3,-10  duration 77.814 ms
02/15/2025 19:25:34: Loading dungeon
02/15/2025 19:25:34: Dungeon loaded with 0 rooms from old format in 0.045 ms.
02/15/2025 19:25:34: Generating DG_ForestCrypt(Clone), Seed: 1002460339, Bounds diff: (-39.71, -32.00, -38.82) / (24.29, 32.00, 25.18)
02/15/2025 19:25:34: Available rooms:18
02/15/2025 19:25:34: To place:40
02/15/2025 19:25:34: Connections 4
02/15/2025 19:25:34: placed 3 doors
02/15/2025 19:25:34: Placed 18 rooms
02/15/2025 19:25:34: Placed locations in zone 3,-9  duration 63.585 ms
02/15/2025 19:25:36: Placed locations in zone -3,-6  duration 4.893 ms
02/15/2025 19:25:39: Loading dungeon
02/15/2025 19:25:39: Dungeon loaded with 0 rooms from old format in 0.143 ms.
02/15/2025 19:25:39: Generating DG_MeadowsFarm(Clone), Seed: 958132719, Bounds diff: (-32.00, -32.00, -32.00) / (32.00, 32.00, 32.00)
02/15/2025 19:25:39: Available rooms:13
02/15/2025 19:25:39: To place:30
02/15/2025 19:25:39: Placed 15 rooms
02/15/2025 19:25:39: Placed locations in zone -3,-8  duration 238.655 ms
02/15/2025 19:25:40: Placed locations in zone 1,-8  duration 39.88 ms
02/15/2025 19:25:40: Placed locations in zone 2,-5  duration 15.128 ms
02/15/2025 19:25:42: Placed locations in zone 3,-8  duration 124.005 ms
02/15/2025 19:25:42: Placed locations in zone 0,-7  duration 17.008 ms
02/15/2025 19:25:42: Placed locations in zone -1,-3  duration 7.422 ms
02/15/2025 19:25:43: Placed locations in zone 0,-5  duration 5.991 ms
02/15/2025 19:25:43: Placed locations in zone 4,-9  duration 2.352 ms
02/15/2025 19:25:43: Placed locations in zone -1,-5  duration 1.275 ms
02/15/2025 19:25:43: Placed locations in zone 4,-8  duration 37.277 ms
02/15/2025 19:25:43: Placed locations in zone 1,-4  duration 0.622 ms
02/15/2025 19:25:43: Placed locations in zone 5,-10  duration 5.529 ms
02/15/2025 19:25:44: Spawned Deer x 2
02/15/2025 19:25:44: Spawned Boar x 3
02/15/2025 19:25:44: Spawned Boar x 1
02/15/2025 19:25:44: Spawned Neck x 4
02/15/2025 19:25:44: Spawned Greyling x 1
02/15/2025 19:25:44: Spawned Greyling x 1
02/15/2025 19:25:50: Placed locations in zone 0,-1  duration 20.203 ms
02/15/2025 19:25:50: Placed locations in zone 1,-1  duration 0.142 ms
02/15/2025 19:25:50: Starting descent
02/15/2025 19:25:51: Placed locations in zone 6,-6  duration 28.2 ms
02/15/2025 19:25:52: Placed locations in zone 4,-1  duration 46.81 ms
02/15/2025 19:25:53: Placed locations in zone -1,0  duration 8.443 ms
02/15/2025 19:25:53: Placed locations in zone 2,0  duration 14.365 ms
02/15/2025 19:25:54: Placed locations in zone 4,0  duration 0.184 ms
02/15/2025 19:25:54: Placed locations in zone 5,0  duration 9.81 ms
02/15/2025 19:25:57: Placed locations in zone -2,1  duration 31.076 ms
02/15/2025 19:25:58: Placed locations in zone -1,1  duration 40.391 ms
02/15/2025 19:26:01: Placed locations in zone -3,-1  duration 5.868 ms
02/15/2025 19:26:01: Placed locations in zone 0,2  duration 1.46 ms
02/15/2025 19:26:01: Placed locations in zone 1,2  duration 8.444 ms
02/15/2025 19:26:01: Placed locations in zone 2,2  duration 0.493 ms
02/15/2025 19:26:01: Placed locations in zone -2,2  duration 21.023 ms
02/15/2025 19:26:02: Placed locations in zone 5,2  duration 25.281 ms
02/15/2025 19:26:02: Placed locations in zone 3,2  duration 0.452 ms
02/15/2025 19:26:03: Starting music intro
02/15/2025 19:26:05: Update PlayFab entity token
02/15/2025 19:26:05: Placed locations in zone -3,3  duration 12.477 ms
02/15/2025 19:26:05: SpawnPrefab StoneSpawner_TheQueen SPAWNING BossStone_TheQueen
02/15/2025 19:26:05: SpawnPrefab StoneSpawner_Fader SPAWNING BossStone_Fader
02/15/2025 19:26:05: Placed locations in zone 4,3  duration 23.815 ms
02/15/2025 19:26:06: Placed locations in zone -1,3  duration 50.442 ms
02/15/2025 19:26:06: Placed locations in zone 1,3  duration 1.284 ms
02/15/2025 19:26:09: Placed locations in zone -4,3  duration 5.932 ms
02/15/2025 19:26:10: Placed locations in zone 1,4  duration 0.193 ms
02/15/2025 19:26:10: We are here
02/15/2025 19:26:10: We are here
02/15/2025 19:26:10: Placed locations in zone 3,4  duration 6.918 ms
02/15/2025 19:26:10: Placed locations in zone 4,4  duration 2.193 ms
02/15/2025 19:26:15: Starting music meadows
02/15/2025 19:26:20: Destroying valkyrie
02/15/2025 19:26:20: Spawned Deer x 1
02/15/2025 19:26:20: Spawned Boar x 3
02/15/2025 19:26:20: Spawned Neck x 3
02/15/2025 19:26:20: Spawned Neck x 3
02/15/2025 19:26:20: Spawned Seagal x 2
02/15/2025 19:26:20: Spawned Seagal x 1
02/15/2025 19:26:20: Spawned Seagal x 1
02/15/2025 19:26:20: Spawned Fish1 x 2
02/15/2025 19:26:20: Spawned Fish2 x 4
02/15/2025 19:26:20: Spawned Greyling x 1
02/15/2025 19:26:20: Spawned Greyling x 1
02/15/2025 19:26:23: Activating default element Continue
1366 x 768 @ 60Hz
02/15/2025 19:26:26: Activating default element Resolution
02/15/2025 19:26:29: Activating default element Resolution
Trying to set graphic mode to 'VeryLow'
Graphic mode 'VeryLow' applied!
02/15/2025 19:26:32: Activating default element Resolution
02/15/2025 19:26:33: Activating default element Continue
Column: 1
Lines: 3916
Translation1: First of the Forest, King-in-the-Wood
Lord over those who dwell at his feet
His roots will grow where cities once stood
Their blood his wine, their flesh his meat
Translation2: First of the Forest, King-in-the-Wood
Lord over those who dwell at his feet
His roots will grow where cities once stood
Their blood his wine, their flesh his meat
Column: 1
Lines: 48
Column: 1
Lines: 3
Column: 1
Lines: 142
Column: 1
Lines: 20
Column: 1
Lines: 3
Column: 1
Lines: 273
Translation3: First of the Forest, King-in-the-Wood
Lord over those who dwell at his feet
His roots will grow where cities once stood
Their blood his wine, their flesh his meat
02/15/2025 19:26:53: Show text :First of the Forest, King-in-the-Wood
Lord over those who dwell at his feet
His roots will grow where cities once stood
Their blood his wine, their flesh his meat
02/15/2025 19:27:05: Activating default element Continue
1366 x 768 @ 60Hz
02/15/2025 19:27:08: Activating default element Resolution
02/15/2025 19:27:16: Activating default element Resolution
Trying to set graphic mode to 'Custom'
Graphic mode 'Custom' applied!
02/15/2025 19:27:27: Activating default element Resolution
02/15/2025 19:27:27: Activating default element Continue
02/15/2025 19:27:33: Spawned Deer x 1
02/15/2025 19:27:33: Spawned Boar x 1
02/15/2025 19:27:33: Activating default element Continue
1366 x 768 @ 60Hz
02/15/2025 19:27:35: Activating default element Resolution
Trying to set graphic mode to 'Custom'
Graphic mode 'Custom' applied!
02/15/2025 19:27:38: Activating default element Resolution
02/15/2025 19:27:38: Activating default element Continue
02/15/2025 19:27:40: Placed locations in zone -4,5  duration 14.998 ms
02/15/2025 19:27:40: Placed locations in zone -3,5  duration 30.279 ms
02/15/2025 19:27:40: Placed locations in zone -1,5  duration 0.603 ms
02/15/2025 19:27:52: Queue unlock msg:$msg_newitem:$item_torch
02/15/2025 19:27:52: Queue unlock msg:$msg_newitem:$item_chest_rags
02/15/2025 19:27:52: Queue unlock msg:$msg_newmaterial:$item_resin
02/15/2025 19:28:03: Activating default element Continue
1366 x 768 @ 60Hz
02/15/2025 19:28:06: Activating default element Left
02/15/2025 19:28:06: Activating default element Left
02/15/2025 19:28:07: Activating default element MasterVolume
02/15/2025 19:28:08: Activating default element MasterVolume
02/15/2025 19:28:08: Activating default element Resolution
Trying to set graphic mode to 'Custom'
Graphic mode 'Custom' applied!
02/15/2025 19:28:24: Activating default element Resolution
02/15/2025 19:28:24: Activating default element Continue
02/15/2025 19:28:33: Activating default element Continue
1366 x 768 @ 60Hz
02/15/2025 19:28:37: Activating default element Left
02/15/2025 19:28:37: Activating default element Left
02/15/2025 19:28:37: Activating default element Resolution
Trying to set graphic mode to 'Balanced'
Graphic mode 'Balanced' applied!
02/15/2025 19:28:41: Activating default element Resolution
02/15/2025 19:28:41: Activating default element Continue
02/15/2025 19:29:43: Queue unlock msg:$msg_newmaterial:$item_wood
02/15/2025 19:29:43: Queue unlock msg:$msg_newrecipe:$item_club
02/15/2025 19:29:43: Queue unlock msg:$msg_newrecipe:$item_torch
02/15/2025 19:29:51: Activating default element Continue
1366 x 768 @ 60Hz
02/15/2025 19:29:56: Activating default element Left
02/15/2025 19:29:56: Activating default element Left
02/15/2025 19:29:57: Activating default element Resolution
Trying to set graphic mode to 'Balanced'
Graphic mode 'Balanced' applied!
02/15/2025 19:30:01: Activating default element Resolution
02/15/2025 19:30:01: Activating default element Continue
02/15/2025 19:30:07: Activating default element Continue
1366 x 768 @ 60Hz
02/15/2025 19:30:12: Activating default element Resolution
Trying to set graphic mode to 'Performance'
Graphic mode 'Performance' applied!
02/15/2025 19:30:18: Activating default element Resolution
02/15/2025 19:30:18: Activating default element Continue
02/15/2025 19:30:32: Spawned Deer x 2
02/15/2025 19:30:32: Spawned Seagal x 1
02/15/2025 19:30:34: Placed locations in zone -5,4  duration 19.581 ms
Column: 1
Lines: 3916
Translation1: His antlers are branches of iron
They crack the rocks and bring down mountains
His hooves are the sound of thunder
His voice a howling gale
Translation2: His antlers are branches of iron
They crack the rocks and bring down mountains
His hooves are the sound of thunder
His voice a howling gale
Column: 1
Lines: 48
Column: 1
Lines: 3
Column: 1
Lines: 142
Column: 1
Lines: 20
Column: 1
Lines: 3
Column: 1
Lines: 273
Translation3: His antlers are branches of iron
They crack the rocks and bring down mountains
His hooves are the sound of thunder
His voice a howling gale
02/15/2025 19:31:12: Show text :His antlers are branches of iron
They crack the rocks and bring down mountains
His hooves are the sound of thunder
His voice a howling gale
Column: 1
Lines: 3916
Translation1: First of the Forest, King-in-the-Wood
Lord over those who dwell at his feet
His roots will grow where cities once stood
Their blood his wine, their flesh his meat
Translation2: First of the Forest, King-in-the-Wood
Lord over those who dwell at his feet
His roots will grow where cities once stood
Their blood his wine, their flesh his meat
Column: 1
Lines: 48
Column: 1
Lines: 3
Column: 1
Lines: 142
Column: 1
Lines: 20
Column: 1
Lines: 3
Column: 1
Lines: 273
Translation3: First of the Forest, King-in-the-Wood
Lord over those who dwell at his feet
His roots will grow where cities once stood
Their blood his wine, their flesh his meat
02/15/2025 19:31:16: Show text :First of the Forest, King-in-the-Wood
Lord over those who dwell at his feet
His roots will grow where cities once stood
Their blood his wine, their flesh his meat
Column: 1
Lines: 3916
Translation1: First of the Forest, King-in-the-Wood
Lord over those who dwell at his feet
His roots will grow where cities once stood
Their blood his wine, their flesh his meat
Translation2: First of the Forest, King-in-the-Wood
Lord over those who dwell at his feet
His roots will grow where cities once stood
Their blood his wine, their flesh his meat
Column: 1
Lines: 48
Column: 1
Lines: 3
Column: 1
Lines: 142
Column: 1
Lines: 20
Column: 1
Lines: 3
Column: 1
Lines: 273
Translation3: First of the Forest, King-in-the-Wood
Lord over those who dwell at his feet
His roots will grow where cities once stood
Their blood his wine, their flesh his meat
02/15/2025 19:31:16: Show text :First of the Forest, King-in-the-Wood
Lord over those who dwell at his feet
His roots will grow where cities once stood
Their blood his wine, their flesh his meat
Column: 1
Lines: 3916
Translation1: First of the Forest, King-in-the-Wood
Lord over those who dwell at his feet
His roots will grow where cities once stood
Their blood his wine, their flesh his meat
Translation2: First of the Forest, King-in-the-Wood
Lord over those who dwell at his feet
His roots will grow where cities once stood
Their blood his wine, their flesh his meat
Column: 1
Lines: 48
Column: 1
Lines: 3
Column: 1
Lines: 142
Column: 1
Lines: 20
Column: 1
Lines: 3
Column: 1
Lines: 273
Translation3: First of the Forest, King-in-the-Wood
Lord over those who dwell at his feet
His roots will grow where cities once stood
Their blood his wine, their flesh his meat
02/15/2025 19:31:31: Show text :First of the Forest, King-in-the-Wood
Lord over those who dwell at his feet
His roots will grow where cities once stood
Their blood his wine, their flesh his meat
02/15/2025 19:32:19: Spawned Greyling x 1
02/15/2025 19:32:19: Spawned Greyling x 1
02/15/2025 19:32:33: Placed locations in zone -5,5  duration 31.158 ms
02/15/2025 19:33:28: Starting respawn
02/15/2025 19:33:28: Local player destroyed
02/15/2025 19:33:28: tip:$loadscreen_tip02
02/15/2025 19:33:28: Missing stat for guardian power: 
02/15/2025 19:33:28: Skipping unloading unused assets
Column: 1
Lines: 3916
Translation1: His antlers are branches of iron
They crack the rocks and bring down mountains
His hooves are the sound of thunder
His voice a howling gale
Translation2: His antlers are branches of iron
They crack the rocks and bring down mountains
His hooves are the sound of thunder
His voice a howling gale
Column: 1
Lines: 48
Column: 1
Lines: 3
Column: 1
Lines: 142
Column: 1
Lines: 20
Column: 1
Lines: 3
Column: 1
Lines: 273
Translation3: His antlers are branches of iron
They crack the rocks and bring down mountains
His hooves are the sound of thunder
His voice a howling gale
02/15/2025 19:33:36: Show text :His antlers are branches of iron
They crack the rocks and bring down mountains
His hooves are the sound of thunder
His voice a howling gale
02/15/2025 19:33:38: Activating default element Continue
1366 x 768 @ 60Hz
02/15/2025 19:33:42: Activating default element MasterVolume
02/15/2025 19:33:42: Activating default element MasterVolume
02/15/2025 19:33:42: Activating default element Resolution
1280 x 720 @ 60Hz
Parent of RectTransform is being set with parent property. Consider using the SetParent method instead, with the worldPositionStays argument set to false. This will retain local orientation and scale rather than world orientation and scale, which can prevent common UI scaling issues.
requesting resize 1280 x 720
resizing window to 1280 x 720
Desktop is 1366 x 768 @ 60 Hz
02/15/2025 19:33:50: Activating default element Resolution
02/15/2025 19:33:52: Activating default element Resolution
requesting resize 1366 x 768
resizing window to 1366 x 768
Desktop is 1366 x 768 @ 60 Hz
02/15/2025 19:34:09: Activating default element Resolution
02/15/2025 19:34:23: Skipping unloading unused assets
Trying to set graphic mode to 'Custom'
Graphic mode 'Custom' applied!
02/15/2025 19:34:47: Activating default element Resolution
02/15/2025 19:34:47: Activating default element Continue
02/15/2025 19:34:50: Stopped music meadows at 3271300
02/15/2025 19:34:50: Starting music meadows
02/15/2025 19:34:50: Resumed music meadows at 3271300
02/15/2025 19:35:51: Right click
02/15/2025 19:35:52: Right click
02/15/2025 19:36:06: Activating default element Continue
02/15/2025 19:36:08: Setting selected recipe 0
02/15/2025 19:36:10: Setting selected recipe 0
02/15/2025 19:36:13: Setting selected recipe 1
02/15/2025 19:36:15: Setting selected recipe 0
02/15/2025 19:36:49: Spawned Greyling x 1
02/15/2025 19:37:47: Queue unlock msg:$msg_newitem:$item_raspberries
02/15/2025 19:38:14: Spawned Deer x 1
02/15/2025 19:38:14: Spawned Boar x 2
02/15/2025 19:38:14: Spawned Boar x 1
02/15/2025 19:38:15: Spawned Neck x 3
02/15/2025 19:38:15: Spawned Seagal x 1
02/15/2025 19:38:15: Placed locations in zone -6,2  duration 7.812 ms
02/15/2025 19:38:16: Placed locations in zone -6,4  duration 3.95 ms
02/15/2025 19:38:48: Spawned Neck x 1
02/15/2025 19:38:48: Spawned Seagal x 1
02/15/2025 19:39:41: Grave should fit in inventory, loot all
02/15/2025 19:39:41: Player 3259078430 wants to takeall from Player_tombstone(Clone)   im: 3259078430
NullReferenceException
  at (wrapper managed-to-native) UnityEngine.Component.get_gameObject(UnityEngine.Component)
  at Player.AutoPickup (System.Single dt) [0x00092] in <43b4f0283c9c4cc48cf8aa444872d51b>:0 
  at Player.FixedUpdate () [0x000b6] in <43b4f0283c9c4cc48cf8aa444872d51b>:0 

02/15/2025 19:40:13: Setting selected recipe 0
02/15/2025 19:40:16: Setting selected recipe 0
02/15/2025 19:40:20: Setting selected recipe 0
02/15/2025 19:40:49: DiscoverClosestLocation
02/15/2025 19:40:49: Found location of type Eikthyrnir
02/15/2025 19:40:57: Setting selected recipe 0
02/15/2025 19:41:00: Setting selected recipe 0
02/15/2025 19:41:05: Setting selected recipe 1
02/15/2025 19:41:06: Setting selected recipe 0
02/15/2025 19:41:28: Setting selected recipe 1
02/15/2025 19:41:29: Setting selected recipe 0
02/15/2025 19:41:32: Queue unlock msg:$msg_newitem:$item_club
02/15/2025 19:41:32: Setting selected recipe 0
02/15/2025 19:41:44: Setting selected recipe 1
02/15/2025 19:42:12: Spawned Greyling x 1
02/15/2025 19:43:14: Spawned Neck x 1
02/15/2025 19:43:14: Spawned Seagal x 1
02/15/2025 19:43:15: Placed locations in zone -2,6  duration 24.341 ms
02/15/2025 19:43:15: Placed locations in zone -1,6  duration 39.72 ms
02/15/2025 19:43:16: Placed locations in zone 4,6  duration 1.452 ms
02/15/2025 19:43:20: Valid True
02/15/2025 19:43:20: On death False
02/15/2025 19:43:25: Queue unlock msg:$msg_newmaterial:$item_boar_meat
02/15/2025 19:43:26: Queue unlock msg:$msg_newmaterial:$item_leatherscraps
Column: 1
Lines: 3916
Translation1: This land is hard and wild but we who are brought here are harder still. Take comfort, traveller, in the gifts before you, the good wood and stone, the fruits and flowers of the forest.

Look also to the wild boar who roam these lands. They fear fire and the hand of man but they can be taught to obey it. Go quietly to them and let them eat of your stock. Roots of the ground are their pleasure.
Translation2: This land is hard and wild but we who are brought here are harder still. Take comfort, traveller, in the gifts before you, the good wood and stone, the fruits and flowers of the forest.

Look also to the wild boar who roam these lands. They fear fire and the hand of man but they can be taught to obey it. Go quietly to them and let them eat of your stock. Roots of the ground are their pleasure.
Column: 1
Lines: 48
Column: 1
Lines: 3
Column: 1
Lines: 142
Column: 1
Lines: 20
Column: 1
Lines: 3
Column: 1
Lines: 273
Translation3: This land is hard and wild but we who are brought here are harder still. Take comfort, traveller, in the gifts before you, the good wood and stone, the fruits and flowers of the forest.

Look also to the wild boar who roam these lands. They fear fire and the hand of man but they can be taught to obey it. Go quietly to them and let them eat of your stock. Roots of the ground are their pleasure.
02/15/2025 19:43:29: Show text :This land is hard and wild but we who are brought here are harder still. Take comfort, traveller, in the gifts before you, the good wood and stone, the fruits and flowers of the forest.

Look also to the wild boar who roam these lands. They fear fire and the hand of man but they can be taught to obey it. Go quietly to them and let them eat of your stock. Roots of the ground are their pleasure.
Column: 1
Lines: 3916
Translation1: This land is hard and wild but we who are brought here are harder still. Take comfort, traveller, in the gifts before you, the good wood and stone, the fruits and flowers of the forest.

Look also to the wild boar who roam these lands. They fear fire and the hand of man but they can be taught to obey it. Go quietly to them and let them eat of your stock. Roots of the ground are their pleasure.
Translation2: This land is hard and wild but we who are brought here are harder still. Take comfort, traveller, in the gifts before you, the good wood and stone, the fruits and flowers of the forest.

Look also to the wild boar who roam these lands. They fear fire and the hand of man but they can be taught to obey it. Go quietly to them and let them eat of your stock. Roots of the ground are their pleasure.
Column: 1
Lines: 48
Column: 1
Lines: 3
Column: 1
Lines: 142
Column: 1
Lines: 20
Column: 1
Lines: 3
Column: 1
Lines: 273
Translation3: This land is hard and wild but we who are brought here are harder still. Take comfort, traveller, in the gifts before you, the good wood and stone, the fruits and flowers of the forest.

Look also to the wild boar who roam these lands. They fear fire and the hand of man but they can be taught to obey it. Go quietly to them and let them eat of your stock. Roots of the ground are their pleasure.
02/15/2025 19:43:32: Show text :This land is hard and wild but we who are brought here are harder still. Take comfort, traveller, in the gifts before you, the good wood and stone, the fruits and flowers of the forest.

Look also to the wild boar who roam these lands. They fear fire and the hand of man but they can be taught to obey it. Go quietly to them and let them eat of your stock. Roots of the ground are their pleasure.
02/15/2025 19:43:50: Spawned Greyling x 1
02/15/2025 19:44:07: Valid True
02/15/2025 19:44:07: On death False
02/15/2025 19:45:30: Queue unlock msg:$msg_newitem:$item_mushroomcommon
02/15/2025 19:45:33: Spawned Deer x 1
02/15/2025 19:46:04: Valid True
02/15/2025 19:46:04: On death False
02/15/2025 19:46:16: Update PlayFab entity token
02/15/2025 19:46:26: Valid True
02/15/2025 19:46:26: On death False
02/15/2025 19:46:46: Starting music evening
02/15/2025 19:46:47: Stopped music meadows at 5758982
02/15/2025 19:47:22: Spawned Greyling x 1
02/15/2025 19:47:49: Setting selected recipe 1
02/15/2025 19:48:00: Setting selected recipe 1
02/15/2025 19:48:52: Starting respawn
02/15/2025 19:48:52: Local player destroyed
02/15/2025 19:48:52: tip:$loadscreen_tip17
02/15/2025 19:48:52: Missing stat for guardian power: 
02/15/2025 19:48:52: Unloading unused assets
Unloading 3 Unused Serialized files (Serialized files now loaded: 1311)
Unloading 1497 unused Assets to reduce memory usage. Loaded Objects now: 379212.
Total: 453.085283 ms (FindLiveObjects: 96.761352 ms CreateObjectMapping: 47.141223 ms MarkObjects: 304.526466 ms  DeleteObjects: 4.655182 ms)

02/15/2025 19:49:01: Grave should fit in inventory, loot all
02/15/2025 19:49:01: Player 3259078430 wants to takeall from Player_tombstone(Clone)   im: 3259078430
NullReferenceException
  at (wrapper managed-to-native) UnityEngine.Component.get_gameObject(UnityEngine.Component)
  at Player.AutoPickup (System.Single dt) [0x00092] in <43b4f0283c9c4cc48cf8aa444872d51b>:0 
  at Player.FixedUpdate () [0x000b6] in <43b4f0283c9c4cc48cf8aa444872d51b>:0 

02/15/2025 19:49:05: Setting selected recipe 1
02/15/2025 19:49:07: Setting selected recipe 1
02/15/2025 19:49:23: Queue unlock msg:$msg_newmaterial:$item_stone
02/15/2025 19:49:23: Queue unlock msg:$msg_newrecipe:$item_axe_stone
02/15/2025 19:49:23: Queue unlock msg:$msg_newrecipe:$item_hammer
02/15/2025 19:49:31: Setting selected recipe 1
02/15/2025 19:49:34: Setting selected recipe 2
02/15/2025 19:49:38: Spawned Fish1 x 3
02/15/2025 19:49:58: Setting selected recipe 3
02/15/2025 19:50:07: Setting selected recipe 3
02/15/2025 19:50:10: Setting selected recipe 2
02/15/2025 19:50:14: Setting selected recipe 2
02/15/2025 19:50:15: Setting selected recipe 1
02/15/2025 19:50:17: Setting selected recipe 3
02/15/2025 19:50:19: Setting selected recipe 1
02/15/2025 19:50:21: Queue unlock msg:$msg_newitem:$item_hammer
02/15/2025 19:50:21: Queue unlock msg:$msg_newpiece:$piece_repair
02/15/2025 19:50:21: Queue unlock msg:$msg_newpiece:$piece_firepit
02/15/2025 19:50:21: Queue unlock msg:$msg_newpiece:$piece_woodstack
02/15/2025 19:50:21: Queue unlock msg:$msg_newpiece:$piece_stonepile
02/15/2025 19:50:21: Queue unlock msg:$msg_newpiece:$piece_cookingstation
02/15/2025 19:50:21: Queue unlock msg:$msg_newpiece:$piece_workbench
02/15/2025 19:50:21: Setting selected recipe 3
02/15/2025 19:50:31: Setting selected recipe 3
02/15/2025 19:50:37: Setting selected recipe 1
02/15/2025 19:50:51: Item is not in this container
02/15/2025 19:50:51: Setting selected recipe 1
Am I Host? True
02/15/2025 19:51:37: Available space to current user: 160150458368. Saving is blocked if below: 209716774 bytes. Warnings are given if below: 419433548
02/15/2025 19:51:37: Minimap: compressed mapData 8388738 => 8517 bytes
02/15/2025 19:51:37: Cloud Save: 11812 bytes. /characters/medo.fch.new
02/15/2025 19:51:38: Steam writing file chunks 1 / 1, (11812 bytes)
02/15/2025 19:51:38: Steam Cloud Move: 787 bytes. /characters/medo.fch -> /characters/medo.fch.old
02/15/2025 19:51:38: Steam writing file chunks 1 / 1, (787 bytes)
02/15/2025 19:51:38: Steam Cloud Move: 11812 bytes. /characters/medo.fch.new -> /characters/medo.fch
02/15/2025 19:51:38: Steam writing file chunks 1 / 1, (11812 bytes)
02/15/2025 19:51:38: Considering autobackup. World time: 1587.34, short time: 7200, long time: 43200, backup count: 4
02/15/2025 19:51:38: No autobackup needed yet...
02/15/2025 19:51:38: Sending message to save player profiles
02/15/2025 19:51:38: PrepareSave: clone done in 54ms
02/15/2025 19:51:38: PrepareSave: ZDOExtraData.PrepareSave done in 61 ms
02/15/2025 19:51:38: World save writing starting
02/15/2025 19:51:38: World save writing started
02/15/2025 19:51:39: Saved 35407 ZDOs
02/15/2025 19:51:39: World save writing finishing
02/15/2025 19:51:39: Cloud Save: 1793681 bytes. /worlds/Minaas.db
02/15/2025 19:51:39: Steam writing file chunks 1 / 1, (1793681 bytes)
02/15/2025 19:51:39: World save writing finished
02/15/2025 19:51:39: Cloud Save: 47 bytes. /worlds/Minaas.fwl
02/15/2025 19:51:39: Steam writing file chunks 1 / 1, (47 bytes)
02/15/2025 19:51:39: World saved ( 557.353ms )
02/15/2025 19:51:39: Considering autobackup. World time: 1588.34, short time: 7200, long time: 43200, backup count: 4
02/15/2025 19:51:39: No autobackup needed yet...
Am I Host? True
Column: 1
Lines: 3916
Translation1: His antlers are branches of iron
They crack the rocks and bring down mountains
His hooves are the sound of thunder
His voice a howling gale
Translation2: His antlers are branches of iron
They crack the rocks and bring down mountains
His hooves are the sound of thunder
His voice a howling gale
Column: 1
Lines: 48
Column: 1
Lines: 3
Column: 1
Lines: 142
Column: 1
Lines: 20
Column: 1
Lines: 3
Column: 1
Lines: 273
Translation3: His antlers are branches of iron
They crack the rocks and bring down mountains
His hooves are the sound of thunder
His voice a howling gale
02/15/2025 19:52:26: Show text :His antlers are branches of iron
They crack the rocks and bring down mountains
His hooves are the sound of thunder
His voice a howling gale
02/15/2025 19:52:59: Placed locations in zone 5,4  duration 0.551 ms
02/15/2025 19:53:13: Queue unlock msg:$msg_newmaterial:$item_flint
02/15/2025 19:54:36: Setting selected recipe 3
02/15/2025 19:54:41: Setting selected recipe 0
02/15/2025 19:54:41: Setting selected recipe 0
02/15/2025 19:54:44: Queue unlock msg:$msg_newitem:$item_axe_stone
02/15/2025 19:54:44: Setting selected recipe 2
02/15/2025 19:54:46: Setting selected recipe 1
02/15/2025 19:54:47: Setting selected recipe 0
02/15/2025 19:54:50: Setting selected recipe 0
02/15/2025 19:54:54: Item is not in this container
02/15/2025 19:54:54: Setting selected recipe 0
02/15/2025 19:55:08: Placed locations in zone 5,5  duration 46.787 ms
02/15/2025 19:56:01: Starting music morning
02/15/2025 19:56:35: Starting music meadows
02/15/2025 19:59:02: Disabling PlayerBase  character_trigger
02/15/2025 19:59:11: Setting selected recipe 0
02/15/2025 19:59:48: Valid True
02/15/2025 19:59:48: On death False
02/15/2025 20:00:00: Disabling PlayerBase  character_trigger
02/15/2025 20:00:17: Placed piece_workbench
02/15/2025 20:00:17: Queue unlock msg:$msg_newstation:$piece_workbench
02/15/2025 20:00:17: Queue unlock msg:$msg_newrecipe:$item_chest_rags
02/15/2025 20:00:17: Queue unlock msg:$msg_newrecipe:$item_legs_rags
02/15/2025 20:00:17: Queue unlock msg:$msg_newrecipe:$item_arrow_wood
02/15/2025 20:00:17: Queue unlock msg:$msg_newrecipe:$item_axe_flint
02/15/2025 20:00:17: Queue unlock msg:$msg_newrecipe:$item_bow
02/15/2025 20:00:17: Queue unlock msg:$msg_newrecipe:$item_hoe
02/15/2025 20:00:17: Queue unlock msg:$msg_newrecipe:$item_knife_flint
02/15/2025 20:00:17: Queue unlock msg:$msg_newrecipe:$item_shield_wood
02/15/2025 20:00:17: Queue unlock msg:$msg_newrecipe:$item_shield_woodtower
02/15/2025 20:00:17: Queue unlock msg:$msg_newrecipe:$item_spear_flint
02/15/2025 20:00:17: Queue unlock msg:$msg_newpiece:$piece_workbench_ext1
02/15/2025 20:00:17: Queue unlock msg:$msg_newpiece:$piece_woodfloor1x1
02/15/2025 20:00:17: Queue unlock msg:$msg_newpiece:$piece_woodfloor2x2
02/15/2025 20:00:17: Queue unlock msg:$msg_newpiece:$piece_woodstair
02/15/2025 20:00:17: Queue unlock msg:$msg_newpiece:$piece_woodstepladder
02/15/2025 20:00:17: Queue unlock msg:$msg_newpiece:$piece_woodwallquarter
02/15/2025 20:00:17: Queue unlock msg:$msg_newpiece:$piece_woodwallhalf
02/15/2025 20:00:17: Queue unlock msg:$msg_newpiece:$piece_woodwall
02/15/2025 20:00:17: Queue unlock msg:$msg_newpiece:$piece_woodwallroof
02/15/2025 20:00:17: Queue unlock msg:$msg_newpiece:$piece_woodwallroof_upsidedown
02/15/2025 20:00:17: Queue unlock msg:$msg_newpiece:$piece_woodwallrooftop
02/15/2025 20:00:17: Queue unlock msg:$msg_newpiece:$piece_woodwallroof45
02/15/2025 20:00:17: Queue unlock msg:$msg_newpiece:$piece_woodwallroof45_upsidedown
02/15/2025 20:00:17: Queue unlock msg:$msg_newpiece:$piece_woodwallrooftop45
02/15/2025 20:00:17: Queue unlock msg:$msg_newpiece:$piece_woodroof26
02/15/2025 20:00:17: Queue unlock msg:$msg_newpiece:$piece_woodrooftop
02/15/2025 20:00:17: Queue unlock msg:$msg_newpiece:$piece_woodroofocorner
02/15/2025 20:00:17: Queue unlock msg:$msg_newpiece:$piece_woodrooficorner
02/15/2025 20:00:17: Queue unlock msg:$msg_newpiece:$piece_woodroof45
02/15/2025 20:00:17: Queue unlock msg:$msg_newpiece:$piece_woodrooftop45
02/15/2025 20:00:17: Queue unlock msg:$msg_newpiece:$piece_woodroofocorner45
02/15/2025 20:00:17: Queue unlock msg:$msg_newpiece:$piece_woodrooficorner45
02/15/2025 20:00:17: Queue unlock msg:$msg_newpiece:$piece_woodpole
02/15/2025 20:00:17: Queue unlock msg:$msg_newpiece:$piece_woodpole2
02/15/2025 20:00:17: Queue unlock msg:$msg_newpiece:$piece_woodbeam1
02/15/2025 20:00:17: Queue unlock msg:$msg_newpiece:$piece_woodbeam2
02/15/2025 20:00:17: Queue unlock msg:$msg_newpiece:$piece_woodbeam26
02/15/2025 20:00:17: Queue unlock msg:$msg_newpiece:$piece_woodbeam45
02/15/2025 20:00:17: Queue unlock msg:$msg_newpiece:$piece_wooddoor
02/15/2025 20:00:17: Queue unlock msg:$msg_newpiece:$piece_woodgate
02/15/2025 20:00:17: Queue unlock msg:$msg_newpiece:$piece_woodfence
02/15/2025 20:00:17: Queue unlock msg:$msg_newpiece:$piece_stakewall
02/15/2025 20:00:17: Queue unlock msg:$msg_newpiece:$piece_bed
02/15/2025 20:00:17: Queue unlock msg:$msg_newpiece:$piece_chestwood
02/15/2025 20:00:17: Queue unlock msg:$msg_newpiece:$piece_groundtorchwood
02/15/2025 20:00:17: Queue unlock msg:$msg_newpiece:$ship_raft
02/15/2025 20:00:17: Disabling PlayerBase  character_trigger
02/15/2025 20:00:17: Disabling PlayerBase  character_trigger
02/15/2025 20:00:20: Activating default element Continue
02/15/2025 20:00:41: Activating default element Continue
02/15/2025 20:00:53: Setting selected recipe 0
02/15/2025 20:00:57: Drop item $item_wood
02/15/2025 20:00:57: drop all 26  26
02/15/2025 20:00:57: Setting selected recipe 1
02/15/2025 20:01:37: Disabling PlayerBase  character_trigger
02/15/2025 20:01:43: Disabling PlayerBase  character_trigger
02/15/2025 20:02:00: Placed bed
02/15/2025 20:02:00: Disabling PlayerBase  character_trigger
02/15/2025 20:02:02: Activating default element Continue
02/15/2025 20:02:06: Activating default element Continue
Am I Host? True
Am I Host? True
02/15/2025 20:02:07: Available space to current user: 160148406272. Saving is blocked if below: 3610986 bytes. Warnings are given if below: 7221972
02/15/2025 20:02:08: Minimap: compressed mapData 8388738 => 8526 bytes
02/15/2025 20:02:08: Cloud Save: 12982 bytes. /characters/medo.fch.new
02/15/2025 20:02:08: Steam writing file chunks 1 / 1, (12982 bytes)
02/15/2025 20:02:08: Steam Cloud Move: 11812 bytes. /characters/medo.fch -> /characters/medo.fch.old
02/15/2025 20:02:08: Steam writing file chunks 1 / 1, (11812 bytes)
02/15/2025 20:02:08: Steam Cloud Move: 12982 bytes. /characters/medo.fch.new -> /characters/medo.fch
02/15/2025 20:02:08: Steam writing file chunks 1 / 1, (12982 bytes)
02/15/2025 20:02:08: Considering autobackup. World time: 2202.14, short time: 7200, long time: 43200, backup count: 4
02/15/2025 20:02:08: No autobackup needed yet...
02/15/2025 20:02:08: Activating default element Continue
02/15/2025 20:02:08: PrepareSave: clone done in 22ms
02/15/2025 20:02:08: PrepareSave: ZDOExtraData.PrepareSave done in 15 ms
02/15/2025 20:02:08: World save writing starting
02/15/2025 20:02:08: World save writing started
02/15/2025 20:02:08: Saved 35602 ZDOs
02/15/2025 20:02:08: World save writing finishing
02/15/2025 20:02:08: Cloud Save: 1802411 bytes. /worlds/Minaas.db
02/15/2025 20:02:08: Steam writing file chunks 1 / 1, (1802411 bytes)
02/15/2025 20:02:08: World save writing finished
02/15/2025 20:02:08: Cloud Save: 47 bytes. /worlds/Minaas.fwl
02/15/2025 20:02:08: Steam writing file chunks 1 / 1, (47 bytes)
02/15/2025 20:02:08: World saved ( 368.955ms )
02/15/2025 20:02:08: Considering autobackup. World time: 2202.14, short time: 7200, long time: 43200, backup count: 4
02/15/2025 20:02:08: No autobackup needed yet...
Am I Host? True
02/15/2025 20:02:19: Has no creator
02/15/2025 20:02:20: Has no creator
02/15/2025 20:02:24: Has no creator
02/15/2025 20:02:24: Has no creator
02/15/2025 20:02:37: Disabling PlayerBase  character_trigger
02/15/2025 20:02:41: Disabling PlayerBase  character_trigger
02/15/2025 20:02:47: Setting selected recipe 0
02/15/2025 20:02:56: Placed stake_wall
02/15/2025 20:03:01: Placed stake_wall
02/15/2025 20:03:15: Placed stake_wall
02/15/2025 20:03:32: Placed stake_wall
02/15/2025 20:03:50: Activating default element Continue
02/15/2025 20:04:07: Activating default element Continue
02/15/2025 20:04:39: Spawned Greyling x 1
02/15/2025 20:05:06: Spawned Boar x 1
02/15/2025 20:05:06: Spawned Greyling x 1
02/15/2025 20:05:30: Placed stake_wall
02/15/2025 20:05:43: Activating default element Continue
02/15/2025 20:05:46: Disabling PlayerBase  character_trigger
02/15/2025 20:05:47: Disabling PlayerBase  character_trigger
02/15/2025 20:06:08: Setting selected recipe 2
02/15/2025 20:06:35: Placed wood_roof
02/15/2025 20:06:46: Activating default element Continue
02/15/2025 20:06:46: Activating default element Continue
02/15/2025 20:06:57: Activating default element Continue
02/15/2025 20:06:58: Update PlayFab entity token
02/15/2025 20:07:21: Spawned Greyling x 1
02/15/2025 20:08:01: Setting selected recipe 3
02/15/2025 20:08:09: Queue unlock msg:$msg_newmaterial:$item_feathers
02/15/2025 20:08:09: Queue unlock msg:$msg_newmaterial:$item_beechseeds
02/15/2025 20:08:23: Setting selected recipe 3
02/15/2025 20:08:36: Spawned Greyling x 1
02/15/2025 20:09:05: Spawned Greyling x 1
02/15/2025 20:09:44: Queue unlock msg:$msg_newmaterial:$item_necktail
02/15/2025 20:10:00: Im still nto the owner
02/15/2025 20:10:00: Im still nto the owner
02/15/2025 20:10:00: Im still nto the owner
02/15/2025 20:10:00: Im finally the owner
02/15/2025 20:10:25: Spawned Deer x 1
02/15/2025 20:10:25: Spawned Neck x 2
02/15/2025 20:10:25: Spawned Neck x 1
02/15/2025 20:11:12: Spawned Greyling x 1
02/15/2025 20:11:13: Setting selected recipe 1
02/15/2025 20:11:16: Setting selected recipe 0
02/15/2025 20:11:20: Setting selected recipe 2
02/15/2025 20:11:23: Im still nto the owner
02/15/2025 20:11:23: Im still nto the owner
02/15/2025 20:11:23: Im finally the owner
02/15/2025 20:12:53: Rel vel 2.009269
02/15/2025 20:15:31: Spawned Greyling x 1
02/15/2025 20:15:37: Spawned Greyling x 1
02/15/2025 20:15:37: Placed locations in zone 6,2  duration 8.868 ms
02/15/2025 20:15:37: Placed locations in zone 6,4  duration 27.096 ms
02/15/2025 20:15:40: Placed locations in zone 6,5  duration 35.269 ms
Column: 1
Lines: 3916
Translation1: On this spot a tree fell on my head and I cursed the Gods. So I leave this stone in praise of them, that they might forgive my reckless words.
Translation2: On this spot a tree fell on my head and I cursed the Gods. So I leave this stone in praise of them, that they might forgive my reckless words.
Column: 1
Lines: 48
Column: 1
Lines: 3
Column: 1
Lines: 142
Column: 1
Lines: 20
Column: 1
Lines: 3
Column: 1
Lines: 273
Translation3: On this spot a tree fell on my head and I cursed the Gods. So I leave this stone in praise of them, that they might forgive my reckless words.
02/15/2025 20:15:49: Show text :On this spot a tree fell on my head and I cursed the Gods. So I leave this stone in praise of them, that they might forgive my reckless words.
02/15/2025 20:16:06: Loading dungeon
02/15/2025 20:16:06: Dungeon loaded with 0 rooms from old format in 0.074 ms.
02/15/2025 20:16:06: Generating DG_MeadowsFarm(Clone), Seed: 953266591, Bounds diff: (-32.00, -32.00, -32.00) / (32.00, 32.00, 32.00)
02/15/2025 20:16:06: Available rooms:13
02/15/2025 20:16:06: To place:30
02/15/2025 20:16:06: Placed 11 rooms
02/15/2025 20:16:06: Force generating hmap (384.00, 0.00, 384.00)
02/15/2025 20:16:06: Placed locations in zone 6,6  duration 434.509 ms
02/15/2025 20:17:22: Spawned Deer x 1
02/15/2025 20:17:34: Starting music evening
02/15/2025 20:17:35: Stopped music meadows at 7048819
02/15/2025 20:18:10: Disabling PlayerBase  character_trigger
02/15/2025 20:18:13: Disabling PlayerBase  character_trigger
02/15/2025 20:18:22: Setting selected recipe 3
Column: 1
Lines: 3916
Translation1: Black wings across the moon and sun
Down from the mountain our mother comes
Her weeping tears will fall like rain
Her voice will call us home again
Translation2: Black wings across the moon and sun
Down from the mountain our mother comes
Her weeping tears will fall like rain
Her voice will call us home again
Column: 1
Lines: 48
Column: 1
Lines: 3
Column: 1
Lines: 142
Column: 1
Lines: 20
Column: 1
Lines: 3
Column: 1
Lines: 273
Translation3: Black wings across the moon and sun
Down from the mountain our mother comes
Her weeping tears will fall like rain
Her voice will call us home again
02/15/2025 20:18:38: Show text :Black wings across the moon and sun
Down from the mountain our mother comes
Her weeping tears will fall like rain
Her voice will call us home again
02/15/2025 20:19:07: Setting selected recipe 3
02/15/2025 20:19:10: Setting selected recipe 2
02/15/2025 20:19:12: Setting selected recipe 1
02/15/2025 20:19:13: Setting selected recipe 1
02/15/2025 20:19:16: Setting selected recipe 3
02/15/2025 20:19:22: Has no creator
02/15/2025 20:19:43: Placed wood_door
02/15/2025 20:20:13: Activating default element Continue
02/15/2025 20:20:16: Placed wood_roof
02/15/2025 20:20:19: Placed wood_roof
02/15/2025 20:20:30: Placed wood_roof
02/15/2025 20:20:35: Placed wood_roof
02/15/2025 20:21:00: Disabling PlayerBase  character_trigger
02/15/2025 20:21:07: Placed stake_wall
02/15/2025 20:21:09: Placed stake_wall
02/15/2025 20:21:28: Placed stake_wall
02/15/2025 20:21:32: Placed stake_wall
02/15/2025 20:21:35: Placed stake_wall
02/15/2025 20:21:45: Placed stake_wall
02/15/2025 20:21:51: Placed stake_wall
02/15/2025 20:21:59: Update PlayFab entity token
02/15/2025 20:22:00: Placed stake_wall
02/15/2025 20:22:04: Placed stake_wall
02/15/2025 20:22:07: Spawned Greyling x 1
02/15/2025 20:22:49: Placed stake_wall
02/15/2025 20:23:00: Activating default element Continue
02/15/2025 20:23:33: Activating default element Continue
02/15/2025 20:24:54: Setting selected recipe 3
02/15/2025 20:24:56: Setting selected recipe 1
02/15/2025 20:24:58: Setting selected recipe 1
02/15/2025 20:24:59: Setting selected recipe 0
02/15/2025 20:25:02: Setting selected recipe 0
02/15/2025 20:25:06: Item is not in this container
02/15/2025 20:25:06: Setting selected recipe 0
02/15/2025 20:25:15: Drop item $item_club
02/15/2025 20:25:15: drop all 1  1
02/15/2025 20:25:15: Setting selected recipe 0
02/15/2025 20:25:18: Drop item $item_club
02/15/2025 20:25:18: drop all 1  1
02/15/2025 20:25:18: Setting selected recipe 0
02/15/2025 20:26:10: Skipping unloading unused assets
02/15/2025 20:26:59: Starting music morning
02/15/2025 20:27:03: Activating default element Continue
Am I Host? True
Am I Host? True
02/15/2025 20:27:04: Available space to current user: 160147808256. Saving is blocked if below: 3630786 bytes. Warnings are given if below: 7261572
02/15/2025 20:27:05: Minimap: compressed mapData 8388738 => 8537 bytes
02/15/2025 20:27:05: Cloud Save: 13201 bytes. /characters/medo.fch.new
02/15/2025 20:27:05: Steam writing file chunks 1 / 1, (13201 bytes)
02/15/2025 20:27:05: Steam Cloud Move: 12982 bytes. /characters/medo.fch -> /characters/medo.fch.old
02/15/2025 20:27:05: Steam writing file chunks 1 / 1, (12982 bytes)
02/15/2025 20:27:05: Steam Cloud Move: 13201 bytes. /characters/medo.fch.new -> /characters/medo.fch
02/15/2025 20:27:05: Steam writing file chunks 1 / 1, (13201 bytes)
02/15/2025 20:27:05: Considering autobackup. World time: 3651.52, short time: 7200, long time: 43200, backup count: 4
02/15/2025 20:27:05: No autobackup needed yet...
02/15/2025 20:27:05: Activating default element Continue
02/15/2025 20:27:05: PrepareSave: clone done in 39ms
02/15/2025 20:27:05: PrepareSave: ZDOExtraData.PrepareSave done in 34 ms
02/15/2025 20:27:05: World save writing starting
02/15/2025 20:27:05: World save writing started
02/15/2025 20:27:06: Saved 36928 ZDOs
02/15/2025 20:27:06: World save writing finishing
02/15/2025 20:27:06: Cloud Save: 1860624 bytes. /worlds/Minaas.db
02/15/2025 20:27:06: Steam writing file chunks 1 / 1, (1860624 bytes)
02/15/2025 20:27:06: World save writing finished
02/15/2025 20:27:06: Cloud Save: 47 bytes. /worlds/Minaas.fwl
02/15/2025 20:27:06: Steam writing file chunks 1 / 1, (47 bytes)
02/15/2025 20:27:06: World saved ( 265.542ms )
02/15/2025 20:27:06: Considering autobackup. World time: 3651.52, short time: 7200, long time: 43200, backup count: 4
02/15/2025 20:27:06: No autobackup needed yet...
Am I Host? True
02/15/2025 20:27:33: Starting music meadows
02/15/2025 20:27:37: Spawned Greyling x 1
02/15/2025 20:27:39: Queue unlock msg:$msg_newmaterial:$item_dandelion
02/15/2025 20:28:20: Spawned Greyling x 1
02/15/2025 20:28:50: Spawned Deer x 1
02/15/2025 20:28:50: Spawned Greyling x 1
02/15/2025 20:29:22: Valid True
02/15/2025 20:29:22: On death False
02/15/2025 20:29:23: Valid True
02/15/2025 20:29:23: On death False
02/15/2025 20:29:38: Setting selected recipe 0
02/15/2025 20:30:00: Setting selected recipe 0
02/15/2025 20:30:29: Placed wood_roof
02/15/2025 20:30:32: Placed wood_roof
02/15/2025 20:30:39: Placed wood_roof
02/15/2025 20:30:44: Placed wood_roof
02/15/2025 20:30:47: Placed wood_roof
02/15/2025 20:30:55: Placed wood_roof
02/15/2025 20:31:08: Placed wood_roof
02/15/2025 20:31:21: Placed wood_roof
02/15/2025 20:31:39: Placed wood_roof
02/15/2025 20:31:49: Activating default element Continue
02/15/2025 20:31:54: Activating default element Continue
02/15/2025 20:31:57: Has no creator
02/15/2025 20:31:58: Has no creator
02/15/2025 20:31:58: Has no creator
02/15/2025 20:33:56: Spawned Neck x 2
02/15/2025 20:33:56: Spawned Seagal x 1
02/15/2025 20:33:58: Valid True
02/15/2025 20:33:58: On death False
02/15/2025 20:34:02: Im still nto the owner
02/15/2025 20:34:02: Im finally the owner
02/15/2025 20:34:21: Im still nto the owner
02/15/2025 20:34:21: Im still nto the owner
02/15/2025 20:34:21: Im still nto the owner
02/15/2025 20:34:21: Im finally the owner
02/15/2025 20:34:35: Im still nto the owner
02/15/2025 20:34:35: Im finally the owner
02/15/2025 20:34:42: Im still nto the owner
02/15/2025 20:34:42: Im still nto the owner
02/15/2025 20:34:42: Im finally the owner
02/15/2025 20:34:43: Im finally the owner
02/15/2025 20:34:49: Im still nto the owner
02/15/2025 20:34:49: Im still nto the owner
02/15/2025 20:34:49: Im still nto the owner
02/15/2025 20:34:49: Im still nto the owner
02/15/2025 20:34:49: Im finally the owner
02/15/2025 20:35:10: Spawned Deer x 2
02/15/2025 20:35:10: Spawned Seagal x 2
02/15/2025 20:35:10: Spawned Greyling x 1
02/15/2025 20:35:10: Spawned Greyling x 1
02/15/2025 20:35:11: Placed locations in zone -7,0  duration 0.247 ms
02/15/2025 20:35:11: Placed locations in zone -7,1  duration 1.854 ms
02/15/2025 20:35:13: Placed locations in zone -7,-1  duration 61.602 ms
02/15/2025 20:35:13: Placed locations in zone -7,3  duration 8.366 ms
02/15/2025 20:35:21: Valid True
02/15/2025 20:35:21: On death False
02/15/2025 20:35:23: Queue unlock msg:$msg_newtrophy:$item_trophy_boar
02/15/2025 20:35:25: Setting selected recipe 1
02/15/2025 20:35:28: Loading dungeon
02/15/2025 20:35:28: Dungeon loaded with 0 rooms from old format in 0.073 ms.
02/15/2025 20:35:28: Generating DG_MeadowsFarm(Clone), Seed: 957143936, Bounds diff: (-32.00, -32.00, -32.00) / (32.00, 32.00, 32.00)
02/15/2025 20:35:28: Available rooms:13
02/15/2025 20:35:28: To place:30
02/15/2025 20:35:28: Placed 11 rooms
02/15/2025 20:35:28: Placed locations in zone -7,4  duration 224.055 ms
02/15/2025 20:35:36: Setting selected recipe 0
02/15/2025 20:35:39: Setting selected recipe 0
02/15/2025 20:35:42: Setting selected recipe 0
02/15/2025 20:35:43: Item is not in this container
02/15/2025 20:35:43: Setting selected recipe 0
02/15/2025 20:35:50: Setting selected recipe 0
02/15/2025 20:35:51: Setting selected recipe 0
02/15/2025 20:35:54: Setting selected recipe 0
02/15/2025 20:35:56: Setting selected recipe 3
02/15/2025 20:35:59: Setting selected recipe 2
02/15/2025 20:36:03: Setting selected recipe 3
02/15/2025 20:36:07: Setting selected recipe 3
02/15/2025 20:39:47: Rel vel 1.561448
02/15/2025 20:41:44: Update PlayFab entity token
02/15/2025 20:42:08: Im still nto the owner
02/15/2025 20:42:08: Im still nto the owner
02/15/2025 20:42:08: Im still nto the owner
02/15/2025 20:42:08: Im still nto the owner
02/15/2025 20:42:08: Im still nto the owner
02/15/2025 20:42:08: Im finally the owner
02/15/2025 20:42:11: Spawned Deer x 1
02/15/2025 20:42:11: Spawned Boar x 3
02/15/2025 20:42:11: Spawned Fish1 x 2
02/15/2025 20:42:11: Spawned Fish2 x 3
02/15/2025 20:42:11: Spawned Greyling x 1
02/15/2025 20:42:11: Spawned Greyling x 1
02/15/2025 20:43:01: Valid True
02/15/2025 20:43:01: On death False
02/15/2025 20:43:25: Spawned Boar x 1
02/15/2025 20:43:26: Placed locations in zone -7,5  duration 3.962 ms
02/15/2025 20:43:26: Placed locations in zone -6,5  duration 0.915 ms
02/15/2025 20:43:36: Valid True
02/15/2025 20:43:36: On death False
02/15/2025 20:44:33: Setting selected recipe 1
02/15/2025 20:44:46: Setting selected recipe 1
02/15/2025 20:44:54: Drop item $item_axe_stone
02/15/2025 20:44:54: drop all 1  1
02/15/2025 20:44:54: Setting selected recipe 1
02/15/2025 20:44:56: Drop item $item_axe_stone
02/15/2025 20:44:56: drop all 1  1
02/15/2025 20:44:56: Setting selected recipe 1
02/15/2025 20:45:00: Setting selected recipe 1
02/15/2025 20:45:07: Drop item $item_wood
02/15/2025 20:45:07: drop some 5  50
02/15/2025 20:45:07: Setting selected recipe 1
02/15/2025 20:46:16: Setting selected recipe 1
02/15/2025 20:46:24: Drop item $item_wood
02/15/2025 20:46:24: drop some 7  47
02/15/2025 20:46:24: Setting selected recipe 1
02/15/2025 20:47:42: Disabling PlayerBase  character_trigger
02/15/2025 20:47:57: Placed stake_wall
02/15/2025 20:48:03: Placed stake_wall
02/15/2025 20:48:12: Placed stake_wall
02/15/2025 20:48:19: Placed stake_wall
02/15/2025 20:48:20: Starting music evening
02/15/2025 20:48:21: Stopped music meadows at 6518208
02/15/2025 20:48:28: Placed stake_wall
02/15/2025 20:48:32: Disabling PlayerBase  character_trigger
02/15/2025 20:48:42: Placed wood_gate
02/15/2025 20:48:56: Placed wood_gate
02/15/2025 20:49:02: Placed wood_gate
02/15/2025 20:49:42: Disabling PlayerBase  character_trigger
02/15/2025 20:49:48: Placed fire_pit
02/15/2025 20:49:48: Disabling PlayerBase  character_trigger
02/15/2025 20:49:48: Disabling PlayerBase  character_trigger
02/15/2025 20:50:16: Disabling PlayerBase  character_trigger
02/15/2025 20:50:23: Disabling PlayerBase  character_trigger
02/15/2025 20:50:32: Placed piece_workbench_ext1
02/15/2025 20:50:51: Placed wood_roof
02/15/2025 20:51:03: Placed wood_roof
02/15/2025 20:51:29: Placed wood_roof
02/15/2025 20:52:13: Placed wood_roof
02/15/2025 20:52:34: Starting music home
02/15/2025 20:52:36: Stopped music home at 93139
02/15/2025 20:52:40: Activating default element Continue
02/15/2025 20:52:41: Activating default element Continue
Am I Host? True
Am I Host? True
02/15/2025 20:52:43: Available space to current user: 160147632128. Saving is blocked if below: 3747650 bytes. Warnings are given if below: 7495300
02/15/2025 20:52:43: Minimap: compressed mapData 8388738 => 8552 bytes
02/15/2025 20:52:43: Cloud Save: 13415 bytes. /characters/medo.fch.new
02/15/2025 20:52:43: Steam writing file chunks 1 / 1, (13415 bytes)
02/15/2025 20:52:43: Steam Cloud Move: 13201 bytes. /characters/medo.fch -> /characters/medo.fch.old
02/15/2025 20:52:44: Steam writing file chunks 1 / 1, (13201 bytes)
02/15/2025 20:52:44: Steam Cloud Move: 13415 bytes. /characters/medo.fch.new -> /characters/medo.fch
02/15/2025 20:52:44: Steam writing file chunks 1 / 1, (13415 bytes)
02/15/2025 20:52:44: Considering autobackup. World time: 5156.84, short time: 7200, long time: 43200, backup count: 4
02/15/2025 20:52:44: No autobackup needed yet...
02/15/2025 20:52:44: Activating default element Continue
02/15/2025 20:52:44: PrepareSave: clone done in 42ms
02/15/2025 20:52:44: PrepareSave: ZDOExtraData.PrepareSave done in 34 ms
02/15/2025 20:52:44: World save writing starting
02/15/2025 20:52:44: World save writing started
02/15/2025 20:52:44: Saved 38523 ZDOs
02/15/2025 20:52:44: World save writing finishing
02/15/2025 20:52:44: Cloud Save: 1932903 bytes. /worlds/Minaas.db
02/15/2025 20:52:44: Steam writing file chunks 1 / 1, (1932903 bytes)
02/15/2025 20:52:44: World save writing finished
02/15/2025 20:52:44: Cloud Save: 47 bytes. /worlds/Minaas.fwl
02/15/2025 20:52:44: Steam writing file chunks 1 / 1, (47 bytes)
02/15/2025 20:52:44: World saved ( 218.596ms )
02/15/2025 20:52:44: Considering autobackup. World time: 5156.84, short time: 7200, long time: 43200, backup count: 4
02/15/2025 20:52:44: No autobackup needed yet...
Am I Host? True
02/15/2025 20:52:49: Has no creator
02/15/2025 20:53:23: Activating default element Continue
02/15/2025 20:53:40: Activating default element Continue
02/15/2025 20:54:27: Placed wood_roof
02/15/2025 20:54:29: Starting music home
02/15/2025 20:54:29: Resumed music home at 93139
02/15/2025 20:54:32: Placed wood_roof
02/15/2025 20:54:52: Stopped music home at 1132722
02/15/2025 20:54:55: Has no creator
02/15/2025 20:54:55: exporeusre check 0.8235294  True
02/15/2025 20:54:56: Is mine
02/15/2025 20:54:56: is current spawnpoint
02/15/2025 20:54:56: exporeusre check 0.8235294  True
02/15/2025 20:54:56: Ignoring 2 colliders
02/15/2025 20:54:57: Time 7323.9998818934, day:3    nextm:7470.00001072884  skipspeed:12.1666774029533
02/15/2025 20:55:02: Unloading unused assets
Unloading 1 Unused Serialized files (Serialized files now loaded: 1311)
Unloading 2755 unused Assets to reduce memory usage. Loaded Objects now: 387209.
Total: 428.187372 ms (FindLiveObjects: 88.165935 ms CreateObjectMapping: 50.339611 ms MarkObjects: 283.856306 ms  DeleteObjects: 5.823950 ms)

Am I Host? True
02/15/2025 20:55:50: Available space to current user: 160147476480. Saving is blocked if below: 3892636 bytes. Warnings are given if below: 7785272
02/15/2025 20:55:50: Minimap: compressed mapData 8388738 => 8552 bytes
02/15/2025 20:55:50: Cloud Save: 13415 bytes. /characters/medo.fch.new
02/15/2025 20:55:50: Steam writing file chunks 1 / 1, (13415 bytes)
02/15/2025 20:55:50: Steam Cloud Move: 13415 bytes. /characters/medo.fch -> /characters/medo.fch.old
02/15/2025 20:55:50: Steam writing file chunks 1 / 1, (13415 bytes)
02/15/2025 20:55:50: Steam Cloud Move: 13415 bytes. /characters/medo.fch.new -> /characters/medo.fch
02/15/2025 20:55:50: Steam writing file chunks 1 / 1, (13415 bytes)
02/15/2025 20:55:50: Considering autobackup. World time: 5335.96, short time: 7200, long time: 43200, backup count: 4
02/15/2025 20:55:50: No autobackup needed yet...
02/15/2025 20:55:51: PrepareSave: clone done in 60ms
02/15/2025 20:55:51: PrepareSave: ZDOExtraData.PrepareSave done in 28 ms
02/15/2025 20:55:51: World save writing starting
02/15/2025 20:55:51: World save writing started
02/15/2025 20:55:51: Saved 38525 ZDOs
02/15/2025 20:55:51: World save writing finishing
02/15/2025 20:55:51: Cloud Save: 1933037 bytes. /worlds/Minaas.db
02/15/2025 20:55:51: Steam writing file chunks 1 / 1, (1933037 bytes)
02/15/2025 20:55:51: World save writing finished
02/15/2025 20:55:51: Cloud Save: 47 bytes. /worlds/Minaas.fwl
02/15/2025 20:55:51: Steam writing file chunks 1 / 1, (47 bytes)
02/15/2025 20:55:51: World saved ( 686.966ms )
02/15/2025 20:55:51: Considering autobackup. World time: 5336.98, short time: 7200, long time: 43200, backup count: 4
02/15/2025 20:55:51: No autobackup needed yet...
02/15/2025 20:55:52: Starting music home
02/15/2025 20:55:52: Resumed music home at 1132722
02/15/2025 20:55:53: Activating default element Continue
Am I Host? True
Am I Host? True
02/15/2025 20:55:54: Available space to current user: 160147476480. Saving is blocked if below: 3892904 bytes. Warnings are given if below: 7785808
02/15/2025 20:55:55: Minimap: compressed mapData 8388738 => 8552 bytes
02/15/2025 20:55:55: Cloud Save: 13415 bytes. /characters/medo.fch.new
02/15/2025 20:55:55: Steam writing file chunks 1 / 1, (13415 bytes)
02/15/2025 20:55:55: Steam Cloud Move: 13415 bytes. /characters/medo.fch -> /characters/medo.fch.old
02/15/2025 20:55:55: Steam writing file chunks 1 / 1, (13415 bytes)
02/15/2025 20:55:55: Steam Cloud Move: 13415 bytes. /characters/medo.fch.new -> /characters/medo.fch
02/15/2025 20:55:55: Steam writing file chunks 1 / 1, (13415 bytes)
02/15/2025 20:55:55: Considering autobackup. World time: 5338.92, short time: 7200, long time: 43200, backup count: 4
02/15/2025 20:55:55: No autobackup needed yet...
02/15/2025 20:55:55: Activating default element Continue
Am I Host? True
02/15/2025 20:55:55: PrepareSave: clone done in 11ms
02/15/2025 20:55:55: PrepareSave: ZDOExtraData.PrepareSave done in 11 ms
02/15/2025 20:55:55: World save writing starting
02/15/2025 20:55:55: World save writing started
02/15/2025 20:55:55: Saved 38525 ZDOs
02/15/2025 20:55:55: World save writing finishing
02/15/2025 20:55:55: Cloud Save: 1933037 bytes. /worlds/Minaas.db
02/15/2025 20:55:55: Steam writing file chunks 1 / 1, (1933037 bytes)
02/15/2025 20:55:55: World save writing finished
02/15/2025 20:55:55: Cloud Save: 47 bytes. /worlds/Minaas.fwl
02/15/2025 20:55:55: Steam writing file chunks 1 / 1, (47 bytes)
02/15/2025 20:55:55: World saved ( 298.455ms )
02/15/2025 20:55:55: Considering autobackup. World time: 5338.92, short time: 7200, long time: 43200, backup count: 4
02/15/2025 20:55:55: No autobackup needed yet...
Am I Host? True
02/15/2025 20:56:01: Stopped music home at 1557963
02/15/2025 20:56:01: Starting music home
02/15/2025 20:56:01: Resumed music home at 1557963
02/15/2025 20:56:06: Update PlayFab entity token
02/15/2025 20:56:10: Queue unlock msg:$msg_newstation_level:$piece_workbench $msg_level 2
02/15/2025 20:56:10: Queue unlock msg:$msg_newrecipe:$item_arrow_fire
02/15/2025 20:56:10: Queue unlock msg:$msg_newrecipe:$item_arrow_flint
02/15/2025 20:56:12: Stopped music home at 2045297
02/15/2025 20:56:12: Starting music home
02/15/2025 20:56:12: Resumed music home at 2045297
02/15/2025 20:56:15: Starting music morning
02/15/2025 20:56:15: Stopped music home at 2175127
02/15/2025 20:56:24: Setting selected recipe 9
02/15/2025 20:56:26: Setting selected recipe 9
02/15/2025 20:56:32: Setting selected recipe 0
02/15/2025 20:56:34: Setting selected recipe 1
02/15/2025 20:56:40: Queue unlock msg:$msg_newitem:$item_legs_rags
02/15/2025 20:56:40: Setting selected recipe 1
02/15/2025 20:56:45: Setting selected recipe 9
02/15/2025 20:56:47: Setting selected recipe 11
02/15/2025 20:56:49: Starting music home
02/15/2025 20:56:49: Resumed music home at 2175127
02/15/2025 20:56:53: Setting selected recipe 0
02/15/2025 20:56:57: Setting selected recipe 5
02/15/2025 20:56:58: Setting selected recipe 0
02/15/2025 20:57:03: Setting selected recipe 4
02/15/2025 20:57:07: Setting selected recipe 0
02/15/2025 20:57:09: Setting selected recipe 1
02/15/2025 20:57:10: Setting selected recipe 2
02/15/2025 20:57:12: Setting selected recipe 3
02/15/2025 20:57:12: Setting selected recipe 4
02/15/2025 20:57:14: Setting selected recipe 0
02/15/2025 20:57:17: Setting selected recipe 4
02/15/2025 20:57:21: Setting selected recipe 0
02/15/2025 20:57:26: Setting selected recipe 3
02/15/2025 20:57:30: Setting selected recipe 0
02/15/2025 20:57:33: Setting selected recipe 4
02/15/2025 20:57:35: Setting selected recipe 0
02/15/2025 20:57:48: Stopped music home at 4748214
02/15/2025 20:57:48: Starting music meadows
02/15/2025 21:01:22: Setting selected recipe 0
02/15/2025 21:01:24: Stopped music meadows at 9536889
02/15/2025 21:01:24: Setting selected recipe 5
02/15/2025 21:01:24: Starting music home
02/15/2025 21:01:24: Resumed music home at 4748214
02/15/2025 21:01:28: Queue unlock msg:$msg_newitem:$item_hoe
02/15/2025 21:01:28: Queue unlock msg:$msg_newpiece:$piece_levelground
02/15/2025 21:01:28: Queue unlock msg:$msg_newpiece:$piece_raise
02/15/2025 21:01:28: Queue unlock msg:$msg_newpiece:$piece_path
02/15/2025 21:01:28: Setting selected recipe 5
02/15/2025 21:01:34: Setting selected recipe 0
02/15/2025 21:01:38: Setting selected recipe 6
02/15/2025 21:01:41: Setting selected recipe 0
02/15/2025 21:01:42: Setting selected recipe 0
02/15/2025 21:01:43: Setting selected recipe 0
02/15/2025 21:01:43: Setting selected recipe 0
02/15/2025 21:01:44: Setting selected recipe 0
02/15/2025 21:01:51: Stopped music home at 5905397
02/15/2025 21:01:51: Starting music meadows
02/15/2025 21:01:51: Resumed music meadows at 9536889
02/15/2025 21:01:56: Stopped music meadows at 67806
02/15/2025 21:01:56: Starting music meadows
02/15/2025 21:01:56: Resumed music meadows at 67806
02/15/2025 21:01:59: Setting selected recipe 0
02/15/2025 21:02:43: Setting selected recipe 0
02/15/2025 21:03:27: Setting selected recipe 0
02/15/2025 21:03:29: Setting selected recipe 0
02/15/2025 21:03:39: Spawned Greyling x 1
02/15/2025 21:03:54: Spawned Boar x 2
02/15/2025 21:04:47: Spawned Greyling x 1
02/15/2025 21:04:50: Im still nto the owner
02/15/2025 21:04:50: Im still nto the owner
02/15/2025 21:04:50: Im still nto the owner
02/15/2025 21:04:51: Im finally the owner
02/15/2025 21:05:07: Im finally the owner
02/15/2025 21:05:13: Im finally the owner
02/15/2025 21:06:03: Im still nto the owner
02/15/2025 21:06:03: Im still nto the owner
02/15/2025 21:06:03: Im still nto the owner
02/15/2025 21:06:03: Im finally the owner
02/15/2025 21:07:49: Im still nto the owner
02/15/2025 21:07:49: Im still nto the owner
02/15/2025 21:07:49: Im still nto the owner
02/15/2025 21:07:49: Im still nto the owner
02/15/2025 21:07:49: Im still nto the owner
02/15/2025 21:07:49: Im finally the owner
02/15/2025 21:07:56: Im still nto the owner
02/15/2025 21:07:56: Im still nto the owner
02/15/2025 21:07:56: Im still nto the owner
02/15/2025 21:07:56: Im still nto the owner
02/15/2025 21:07:56: Im still nto the owner
02/15/2025 21:07:56: Im finally the owner
02/15/2025 21:08:07: Spawned Boar x 3
02/15/2025 21:08:07: Spawned Seagal x 1
02/15/2025 21:08:07: Spawned Fish2 x 4
02/15/2025 21:08:07: Spawned Greyling x 1
02/15/2025 21:08:07: Placed locations in zone -4,-7  duration 0.158 ms
02/15/2025 21:08:12: Im still nto the owner
02/15/2025 21:08:12: Im still nto the owner
02/15/2025 21:08:12: Im still nto the owner
02/15/2025 21:08:12: Im still nto the owner
02/15/2025 21:08:12: Im still nto the owner
02/15/2025 21:08:12: Im finally the owner
02/15/2025 21:08:20: Setting selected recipe 0
02/15/2025 21:09:12: Spawned Greyling x 1
02/15/2025 21:11:08: Setting selected recipe 0
02/15/2025 21:11:17: Drop item $item_wood
02/15/2025 21:11:17: drop some 9  50
02/15/2025 21:11:17: Setting selected recipe 0
02/15/2025 21:11:25: Setting selected recipe 0
02/15/2025 21:11:39: Queue unlock msg:$msg_newtrophy:$item_trophy_deer
02/15/2025 21:11:39: Queue unlock msg:$msg_newmaterial:$item_deerhide
02/15/2025 21:11:39: Queue unlock msg:$msg_newrecipe:$item_chest_leather
02/15/2025 21:11:39: Queue unlock msg:$msg_newrecipe:$item_legs_leather
02/15/2025 21:11:39: Queue unlock msg:$msg_newrecipe:$item_helmet_leather
02/15/2025 21:11:39: Queue unlock msg:$msg_newpiece:$piece_workbench_ext2
02/15/2025 21:11:39: Queue unlock msg:$msg_newpiece:$piece_rug_deer
02/15/2025 21:11:40: Queue unlock msg:$msg_newmaterial:$item_deer_meat
02/15/2025 21:12:20: Im still nto the owner
02/15/2025 21:12:20: Im still nto the owner
02/15/2025 21:12:20: Im still nto the owner
02/15/2025 21:12:20: Im finally the owner
02/15/2025 21:12:43: Setting selected recipe 4
02/15/2025 21:12:48: Setting selected recipe 3
02/15/2025 21:12:51: Update PlayFab entity token
02/15/2025 21:12:52: Stopped music meadows at 9549326
02/15/2025 21:12:52: Starting music home
02/15/2025 21:12:53: Queue unlock msg:$msg_newitem:$item_axe_flint
02/15/2025 21:12:53: Setting selected recipe 8
02/15/2025 21:12:56: Setting selected recipe 8
02/15/2025 21:12:59: Setting selected recipe 0
02/15/2025 21:13:04: Setting selected recipe 3
02/15/2025 21:13:06: Setting selected recipe 0
02/15/2025 21:13:06: Setting selected recipe 0
02/15/2025 21:13:09: Setting selected recipe 4
02/15/2025 21:13:10: Setting selected recipe 4
02/15/2025 21:13:11: Setting selected recipe 4
02/15/2025 21:13:12: Setting selected recipe 4
02/15/2025 21:13:20: Activating default element Continue
02/15/2025 21:13:24: Stopped music home at 1402732
02/15/2025 21:13:24: Starting music home
02/15/2025 21:13:24: Resumed music home at 1402732
02/15/2025 21:13:40: Stopped music home at 2124325
02/15/2025 21:13:40: Starting music meadows
02/15/2025 21:13:40: Resumed music meadows at 9549326
02/15/2025 21:13:44: Setting selected recipe 1
02/15/2025 21:13:47: Item is not in this container
02/15/2025 21:13:47: Setting selected recipe 1
02/15/2025 21:14:18: Spawned Neck x 1
02/15/2025 21:16:03: Setting selected recipe 1
02/15/2025 21:16:09: Drop item $item_wood
02/15/2025 21:16:09: drop some 6  11
02/15/2025 21:16:09: Setting selected recipe 1
02/15/2025 21:16:34: Spawned Greyling x 1
02/15/2025 21:16:36: Disabling PlayerBase  character_trigger
02/15/2025 21:16:43: Disabling PlayerBase  character_trigger
02/15/2025 21:16:52: Placed piece_chest_wood
02/15/2025 21:16:55: Placed piece_chest_wood
02/15/2025 21:16:57: Activating default element Continue
Am I Host? True
Am I Host? True
02/15/2025 21:16:58: Available space to current user: 160147279872. Saving is blocked if below: 3892904 bytes. Warnings are given if below: 7785808
02/15/2025 21:16:59: Minimap: compressed mapData 8388738 => 8559 bytes
02/15/2025 21:16:59: Cloud Save: 14356 bytes. /characters/medo.fch.new
02/15/2025 21:16:59: Steam writing file chunks 1 / 1, (14356 bytes)
02/15/2025 21:16:59: Steam Cloud Move: 13415 bytes. /characters/medo.fch -> /characters/medo.fch.old
02/15/2025 21:16:59: Steam writing file chunks 1 / 1, (13415 bytes)
02/15/2025 21:16:59: Steam Cloud Move: 14356 bytes. /characters/medo.fch.new -> /characters/medo.fch
02/15/2025 21:16:59: Steam writing file chunks 1 / 1, (14356 bytes)
02/15/2025 21:16:59: Considering autobackup. World time: 6576.8, short time: 7200, long time: 43200, backup count: 4
02/15/2025 21:16:59: No autobackup needed yet...
02/15/2025 21:16:59: Activating default element Continue
02/15/2025 21:16:59: PrepareSave: clone done in 10ms
02/15/2025 21:16:59: PrepareSave: ZDOExtraData.PrepareSave done in 10 ms
02/15/2025 21:16:59: World save writing starting
02/15/2025 21:16:59: World save writing started
02/15/2025 21:16:59: Saved 38811 ZDOs
02/15/2025 21:16:59: World save writing finishing
02/15/2025 21:16:59: Cloud Save: 1948621 bytes. /worlds/Minaas.db
02/15/2025 21:16:59: Steam writing file chunks 1 / 1, (1948621 bytes)
02/15/2025 21:16:59: World save writing finished
02/15/2025 21:16:59: Cloud Save: 47 bytes. /worlds/Minaas.fwl
02/15/2025 21:16:59: Steam writing file chunks 1 / 1, (47 bytes)
02/15/2025 21:16:59: World saved ( 240.009ms )
02/15/2025 21:16:59: Considering autobackup. World time: 6576.8, short time: 7200, long time: 43200, backup count: 4
02/15/2025 21:16:59: No autobackup needed yet...
Am I Host? True
02/15/2025 21:17:04: Disabling PlayerBase  character_trigger
02/15/2025 21:17:07: Placed piece_groundtorch_wood
02/15/2025 21:17:07: Disabling PlayerBase  character_trigger
02/15/2025 21:17:07: Disabling PlayerBase  character_trigger
02/15/2025 21:17:12: Placed piece_groundtorch_wood
02/15/2025 21:17:12: Disabling PlayerBase  character_trigger
02/15/2025 21:17:12: Disabling PlayerBase  character_trigger
02/15/2025 21:17:15: Activating default element Continue
02/15/2025 21:17:18: Player 3259078430 wants to open piece_chest_wood(Clone)   im: 3259078430
02/15/2025 21:17:18: Setting selected recipe 1
02/15/2025 21:17:22: Setting selected recipe 1
02/15/2025 21:17:24: Setting selected recipe 1
02/15/2025 21:17:26: Setting selected recipe 1
02/15/2025 21:17:28: Setting selected recipe 1
02/15/2025 21:17:30: Starting music evening
02/15/2025 21:17:31: Stopped music meadows at 289170
02/15/2025 21:17:32: Setting selected recipe 1
02/15/2025 21:17:35: Setting selected recipe 1
02/15/2025 21:17:40: Setting selected recipe 1
02/15/2025 21:17:42: Setting selected recipe 1
02/15/2025 21:17:44: Setting selected recipe 1
02/15/2025 21:18:11: Setting selected recipe 1
02/15/2025 21:19:44: Rel vel 1.06094
02/15/2025 21:19:45: Rel vel 1.422855
02/15/2025 21:20:30: Rel vel 1.806355
02/15/2025 21:22:06: Player 3259078430 wants to open piece_chest_wood(Clone)   im: 3259078430
02/15/2025 21:22:06: Setting selected recipe 1
02/15/2025 21:22:10: Setting selected recipe 1
02/15/2025 21:22:12: Setting selected recipe 1
02/15/2025 21:22:13: Setting selected recipe 1
02/15/2025 21:22:15: Setting selected recipe 1
02/15/2025 21:22:20: Setting selected recipe 1
02/15/2025 21:22:22: Setting selected recipe 1
02/15/2025 21:22:25: Setting selected recipe 1
02/15/2025 21:22:28: Setting selected recipe 1
02/15/2025 21:22:31: Setting selected recipe 3
02/15/2025 21:22:34: Setting selected recipe 3
02/15/2025 21:22:35: Starting music home
02/15/2025 21:22:44: Setting selected recipe 5
02/15/2025 21:22:49: Setting selected recipe 0
02/15/2025 21:22:53: Setting selected recipe 0
02/15/2025 21:22:54: Setting selected recipe 0
02/15/2025 21:22:57: Setting selected recipe 16
02/15/2025 21:23:00: Setting selected recipe 18
02/15/2025 21:23:02: Setting selected recipe 0
02/15/2025 21:23:03: Setting selected recipe 1
02/15/2025 21:23:04: Setting selected recipe 1
02/15/2025 21:23:05: Setting selected recipe 1
02/15/2025 21:23:11: Setting selected recipe 1
02/15/2025 21:23:19: Stopped music home at 1945574
02/15/2025 21:23:45: Placed path_v2
02/15/2025 21:23:48: Placed path_v2
02/15/2025 21:23:50: Placed path_v2
02/15/2025 21:23:50: Placed path_v2
02/15/2025 21:23:51: Placed path_v2
02/15/2025 21:23:52: Placed path_v2
02/15/2025 21:23:52: Placed path_v2
02/15/2025 21:23:53: Placed path_v2
02/15/2025 21:23:55: Placed path_v2
02/15/2025 21:23:56: Placed path_v2
02/15/2025 21:23:56: Starting music home
02/15/2025 21:23:56: Resumed music home at 1945574
02/15/2025 21:23:57: Placed path_v2
02/15/2025 21:23:57: Placed path_v2
02/15/2025 21:23:58: Stopped music home at 2009548
02/15/2025 21:23:59: Placed path_v2
02/15/2025 21:24:00: Placed path_v2
02/15/2025 21:24:00: Placed path_v2
02/15/2025 21:24:01: Placed path_v2
02/15/2025 21:24:01: Placed path_v2
02/15/2025 21:24:02: Placed path_v2
02/15/2025 21:24:08: Placed raise_v2
02/15/2025 21:24:12: Placed raise_v2
02/15/2025 21:24:15: Disabling PlayerBase  character_trigger
02/15/2025 21:24:22: Placed mud_road_v2
02/15/2025 21:24:23: Placed mud_road_v2
02/15/2025 21:24:24: Placed mud_road_v2
02/15/2025 21:24:24: Placed mud_road_v2
02/15/2025 21:24:25: Placed mud_road_v2
02/15/2025 21:24:25: Placed mud_road_v2
02/15/2025 21:24:26: Placed mud_road_v2
02/15/2025 21:24:26: Placed mud_road_v2
02/15/2025 21:24:27: Placed mud_road_v2
02/15/2025 21:24:28: Placed mud_road_v2
02/15/2025 21:24:29: Placed mud_road_v2
02/15/2025 21:24:30: Placed mud_road_v2
02/15/2025 21:24:32: Placed mud_road_v2
02/15/2025 21:24:33: Placed mud_road_v2
02/15/2025 21:24:33: Starting music home
02/15/2025 21:24:33: Resumed music home at 2009548
02/15/2025 21:24:37: Stopped music home at 2177010
02/15/2025 21:24:37: Placed mud_road_v2
02/15/2025 21:24:39: Starting music home
02/15/2025 21:24:39: Resumed music home at 2177010
02/15/2025 21:24:40: Placed mud_road_v2
02/15/2025 21:24:41: Placed mud_road_v2
02/15/2025 21:24:43: Placed mud_road_v2
02/15/2025 21:24:44: Placed mud_road_v2
02/15/2025 21:24:44: Placed mud_road_v2
02/15/2025 21:24:45: Placed mud_road_v2
02/15/2025 21:24:46: Stopped music home at 2452664
02/15/2025 21:24:48: Placed mud_road_v2
02/15/2025 21:24:49: Placed mud_road_v2
02/15/2025 21:24:49: Placed mud_road_v2
02/15/2025 21:24:51: Placed mud_road_v2
02/15/2025 21:24:53: Placed mud_road_v2
02/15/2025 21:25:00: Starting music home
02/15/2025 21:25:00: Resumed music home at 2452664
02/15/2025 21:25:02: Stopped music home at 2524164
02/15/2025 21:25:34: Starting music home
02/15/2025 21:25:34: Resumed music home at 2524164
02/15/2025 21:25:40: Stopped music home at 2793232
02/15/2025 21:25:45: Starting music home
02/15/2025 21:25:45: Resumed music home at 2793232
02/15/2025 21:25:47: Stopped music home at 2879785
02/15/2025 21:25:47: Is mine
02/15/2025 21:25:47: is current spawnpoint
02/15/2025 21:25:47: exporeusre check 0.8235294  True
02/15/2025 21:25:47: Ignoring 2 colliders
02/15/2025 21:25:48: Time 9233.35997131467, day:4    nextm:9270.00001072884  skipspeed:3.05333661784728
02/15/2025 21:25:53: Unloading unused assets
Unloading 1 Unused Serialized files (Serialized files now loaded: 1311)
Unloading 1266 unused Assets to reduce memory usage. Loaded Objects now: 387555.
Total: 408.465533 ms (FindLiveObjects: 119.145663 ms CreateObjectMapping: 36.705008 ms MarkObjects: 250.007711 ms  DeleteObjects: 2.606218 ms)

Am I Host? True
02/15/2025 21:26:13: Available space to current user: 160147116032. Saving is blocked if below: 3925954 bytes. Warnings are given if below: 7851908
02/15/2025 21:26:13: Minimap: compressed mapData 8388738 => 8559 bytes
02/15/2025 21:26:13: Cloud Save: 13784 bytes. /characters/medo.fch.new
02/15/2025 21:26:13: Steam writing file chunks 1 / 1, (13784 bytes)
02/15/2025 21:26:13: Steam Cloud Move: 14356 bytes. /characters/medo.fch -> /characters/medo.fch.old
02/15/2025 21:26:13: Steam writing file chunks 1 / 1, (14356 bytes)
02/15/2025 21:26:13: Steam Cloud Move: 13784 bytes. /characters/medo.fch.new -> /characters/medo.fch
02/15/2025 21:26:13: Steam writing file chunks 1 / 1, (13784 bytes)
02/15/2025 21:26:13: Considering autobackup. World time: 7121.96, short time: 7200, long time: 43200, backup count: 4
02/15/2025 21:26:13: Creating second autobackup for reference
02/15/2025 21:26:13: Saving backup at: medo_backup_auto-20250215212613
02/15/2025 21:26:13: Cloud Copy: 13784 bytes. characters/medo.fch -> characters/medo_backup_auto-20250215212613.fch
02/15/2025 21:26:13: Steam writing file chunks 1 / 1, (13784 bytes)
02/15/2025 21:26:13: PrepareSave: clone done in 10ms
02/15/2025 21:26:13: PrepareSave: ZDOExtraData.PrepareSave done in 15 ms
02/15/2025 21:26:13: World save writing starting
02/15/2025 21:26:13: World save writing started
02/15/2025 21:26:14: Saved 38792 ZDOs
02/15/2025 21:26:14: World save writing finishing
02/15/2025 21:26:14: Cloud Save: 1948176 bytes. /worlds/Minaas.db
02/15/2025 21:26:14: Steam writing file chunks 1 / 1, (1948176 bytes)
02/15/2025 21:26:14: World save writing finished
02/15/2025 21:26:14: Cloud Save: 47 bytes. /worlds/Minaas.fwl
02/15/2025 21:26:14: Steam writing file chunks 1 / 1, (47 bytes)
02/15/2025 21:26:14: World saved ( 637.141ms )
02/15/2025 21:26:14: Considering autobackup. World time: 7122.9, short time: 7200, long time: 43200, backup count: 4
02/15/2025 21:26:14: Creating second autobackup for reference
02/15/2025 21:26:14: Saving backup at: Minaas_backup_auto-20250215212613
02/15/2025 21:26:14: Cloud Copy: 47 bytes. worlds/Minaas.fwl -> worlds/Minaas_backup_auto-20250215212613.fwl
02/15/2025 21:26:14: Steam writing file chunks 1 / 1, (47 bytes)
02/15/2025 21:26:14: Cloud Copy: 1948176 bytes. worlds/Minaas.db -> worlds/Minaas_backup_auto-20250215212613.db
02/15/2025 21:26:14: Steam writing file chunks 1 / 1, (1948176 bytes)
02/15/2025 21:26:14: Starting music home
02/15/2025 21:26:14: Resumed music home at 2879785
02/15/2025 21:26:14: World auto backup saved ( 00:00:00.3938190ms )
Am I Host? True
02/15/2025 21:26:28: Starting music morning
02/15/2025 21:26:30: Stopped music home at 3545871
02/15/2025 21:26:33: Spawned Greyling x 1
02/15/2025 21:26:38: Activating default element Continue
Am I Host? True
Am I Host? True
02/15/2025 21:26:40: Available space to current user: 160145080320. Saving is blocked if below: 3923920 bytes. Warnings are given if below: 7847840
02/15/2025 21:26:41: Minimap: compressed mapData 8388738 => 8559 bytes
02/15/2025 21:26:41: Cloud Save: 13784 bytes. /characters/medo.fch.new
02/15/2025 21:26:41: Steam writing file chunks 1 / 1, (13784 bytes)
02/15/2025 21:26:41: Steam Cloud Move: 13784 bytes. /characters/medo.fch -> /characters/medo.fch.old
02/15/2025 21:26:41: Steam writing file chunks 1 / 1, (13784 bytes)
02/15/2025 21:26:41: Steam Cloud Move: 13784 bytes. /characters/medo.fch.new -> /characters/medo.fch
02/15/2025 21:26:41: Steam writing file chunks 1 / 1, (13784 bytes)
02/15/2025 21:26:41: Considering autobackup. World time: 7147.04, short time: 7200, long time: 43200, backup count: 4
02/15/2025 21:26:41: No autobackup needed yet...
02/15/2025 21:26:41: Activating default element Continue
02/15/2025 21:26:41: Activating default element Continue
02/15/2025 21:26:41: PrepareSave: clone done in 41ms
02/15/2025 21:26:41: PrepareSave: ZDOExtraData.PrepareSave done in 30 ms
02/15/2025 21:26:41: World save writing starting
02/15/2025 21:26:41: World save writing started
02/15/2025 21:26:41: Saved 38793 ZDOs
02/15/2025 21:26:41: World save writing finishing
02/15/2025 21:26:41: Cloud Save: 1948338 bytes. /worlds/Minaas.db
02/15/2025 21:26:41: Steam writing file chunks 1 / 1, (1948338 bytes)
02/15/2025 21:26:41: World save writing finished
02/15/2025 21:26:41: Cloud Save: 47 bytes. /worlds/Minaas.fwl
02/15/2025 21:26:41: Steam writing file chunks 1 / 1, (47 bytes)
02/15/2025 21:26:41: World saved ( 294.715ms )
02/15/2025 21:26:41: Considering autobackup. World time: 7147.04, short time: 7200, long time: 43200, backup count: 4
02/15/2025 21:26:41: No autobackup needed yet...
Am I Host? True
02/15/2025 21:27:00: Update PlayFab entity token
02/15/2025 21:27:04: Starting music meadows
02/15/2025 21:27:35: Skipping unloading unused assets
02/15/2025 21:27:48: Spawned Greyling x 1
02/15/2025 21:27:48: Spawned Greyling x 1
02/15/2025 21:28:08: Spawned Seagal x 1
02/15/2025 21:28:29: Im still nto the owner
02/15/2025 21:28:29: Im still nto the owner
02/15/2025 21:28:29: Im still nto the owner
02/15/2025 21:28:29: Im still nto the owner
02/15/2025 21:28:29: Im finally the owner
02/15/2025 21:29:02: Rel vel 1.445798
02/15/2025 21:29:04: Rel vel 1.471243
02/15/2025 21:29:08: Rel vel 1.387078
02/15/2025 21:30:05: Player 3259078430 wants to open piece_chest_wood(Clone)   im: 3259078430
02/15/2025 21:30:05: Setting selected recipe 0
02/15/2025 21:30:08: Setting selected recipe 0
02/15/2025 21:30:10: Setting selected recipe 0
02/15/2025 21:30:23: Stopped music meadows at 8788012
02/15/2025 21:30:23: Starting music home
02/15/2025 21:30:23: Resumed music home at 3545871
02/15/2025 21:30:27: Setting selected recipe 1
02/15/2025 21:30:30: Setting selected recipe 1
02/15/2025 21:30:30: Setting selected recipe 0
02/15/2025 21:30:32: Setting selected recipe 0
02/15/2025 21:30:49: Stopped music home at 4680475
02/15/2025 21:30:49: Starting music meadows
02/15/2025 21:30:49: Resumed music meadows at 8788012
02/15/2025 21:30:51: Activating default element Continue
Am I Host? True
Am I Host? True
02/15/2025 21:30:52: Available space to current user: 160145096704. Saving is blocked if below: 3924244 bytes. Warnings are given if below: 7848488
02/15/2025 21:30:53: Minimap: compressed mapData 8388738 => 8559 bytes
02/15/2025 21:30:53: Cloud Save: 13788 bytes. /characters/medo.fch.new
02/15/2025 21:30:53: Steam writing file chunks 1 / 1, (13788 bytes)
02/15/2025 21:30:53: Steam Cloud Move: 13784 bytes. /characters/medo.fch -> /characters/medo.fch.old
02/15/2025 21:30:53: Steam writing file chunks 1 / 1, (13784 bytes)
02/15/2025 21:30:53: Steam Cloud Move: 13788 bytes. /characters/medo.fch.new -> /characters/medo.fch
02/15/2025 21:30:53: Steam writing file chunks 1 / 1, (13788 bytes)
02/15/2025 21:30:53: Considering autobackup. World time: 7393.12, short time: 7200, long time: 43200, backup count: 4
02/15/2025 21:30:53: No autobackup needed yet...
02/15/2025 21:30:53: Activating default element Continue
02/15/2025 21:30:53: PrepareSave: clone done in 8ms
02/15/2025 21:30:53: PrepareSave: ZDOExtraData.PrepareSave done in 10 ms
02/15/2025 21:30:53: World save writing starting
02/15/2025 21:30:53: World save writing started
02/15/2025 21:30:53: Saved 38786 ZDOs
02/15/2025 21:30:53: World save writing finishing
02/15/2025 21:30:53: Cloud Save: 1948325 bytes. /worlds/Minaas.db
02/15/2025 21:30:53: Steam writing file chunks 1 / 1, (1948325 bytes)
02/15/2025 21:30:53: World save writing finished
02/15/2025 21:30:53: Cloud Save: 47 bytes. /worlds/Minaas.fwl
02/15/2025 21:30:53: Steam writing file chunks 1 / 1, (47 bytes)
02/15/2025 21:30:53: World saved ( 279.314ms )
02/15/2025 21:30:53: Considering autobackup. World time: 7393.12, short time: 7200, long time: 43200, backup count: 4
02/15/2025 21:30:53: No autobackup needed yet...
02/15/2025 21:30:53: Activating default element Continue
02/15/2025 21:30:55: Activating default element Continue
02/15/2025 21:30:55: Activating default element Continue
Am I Host? True
Am I Host? True
02/15/2025 21:30:57: Available space to current user: 160145096704. Saving is blocked if below: 3924226 bytes. Warnings are given if below: 7848452
Am I Host? True
02/15/2025 21:30:58: Game - OnApplicationQuit
Am I Host? True
02/15/2025 21:30:58: Available space to current user: 160145096704. Saving is blocked if below: 3924226 bytes. Warnings are given if below: 7848452
02/15/2025 21:30:58: Shutting down
02/15/2025 21:30:58: Minimap: compressed mapData 8388738 => 8559 bytes
02/15/2025 21:30:58: Cloud Save: 13788 bytes. /characters/medo.fch.new
02/15/2025 21:30:58: Steam writing file chunks 1 / 1, (13788 bytes)
02/15/2025 21:30:58: Steam Cloud Move: 13788 bytes. /characters/medo.fch -> /characters/medo.fch.old
02/15/2025 21:30:58: Steam writing file chunks 1 / 1, (13788 bytes)
02/15/2025 21:30:58: Steam Cloud Move: 13788 bytes. /characters/medo.fch.new -> /characters/medo.fch
02/15/2025 21:30:58: Steam writing file chunks 1 / 1, (13788 bytes)
02/15/2025 21:30:58: Considering autobackup. World time: 7393.12, short time: 7200, long time: 43200, backup count: 4
02/15/2025 21:30:58: No autobackup needed yet...
02/15/2025 21:30:58: ZNet Shutdown
02/15/2025 21:30:58: PrepareSave: clone done in 22ms
02/15/2025 21:30:58: PrepareSave: ZDOExtraData.PrepareSave done in 15 ms
02/15/2025 21:30:58: World save writing starting
02/15/2025 21:30:58: World save writing started
02/15/2025 21:30:58: Saved 38786 ZDOs
02/15/2025 21:30:58: World save writing finishing
02/15/2025 21:30:58: Cloud Save: 1948325 bytes. /worlds/Minaas.db
02/15/2025 21:30:58: Steam writing file chunks 1 / 1, (1948325 bytes)
02/15/2025 21:30:58: World save writing finished
02/15/2025 21:30:58: Cloud Save: 47 bytes. /worlds/Minaas.fwl
02/15/2025 21:30:58: Steam writing file chunks 1 / 1, (47 bytes)
02/15/2025 21:30:58: World saved ( 232.67ms )
02/15/2025 21:30:58: Considering autobackup. World time: 7393.12, short time: 7200, long time: 43200, backup count: 4
02/15/2025 21:30:58: No autobackup needed yet...
02/15/2025 21:30:58: Unloading unused assets
Unloading 1 Unused Serialized files (Serialized files now loaded: 1309)
02/15/2025 21:30:58: Sending disconnect msg
ZPlayFabMatchmaking::UnregisterServer - unregistering server now. State: Uninitialized
02/15/2025 21:30:58: Stopping build thread
Unloading 242 unused Assets to reduce memory usage. Loaded Objects now: 349650.
Total: 250.679048 ms (FindLiveObjects: 33.409416 ms CreateObjectMapping: 36.761589 ms MarkObjects: 179.645411 ms  DeleteObjects: 0.861620 ms)

02/15/2025 21:31:04: ZNet OnDestroy
02/15/2025 21:31:04: Net scene destroyed
02/15/2025 21:31:04: Steam manager on destroy
IPC function call IClientRemoteStorage::GetFileCount took too long: 88 msec
IPC function call IClientRemoteStorage::FileWriteStreamClose took too long: 43 msec
IPC function call IClientRemoteStorage::FileExists took too long: 61 msec
IPC function call IClientRemoteStorage::FileWriteStreamWriteChunk took too long: 42 msec
02/15/2025 21:31:04: Local player destroyed
Memory Statistics:
[ALLOC_TEMP_TLS] TLS Allocator
  StackAllocators : 
    [ALLOC_TEMP_MAIN]
      Peak usage frame count: [2.0 KB-4.0 KB]: 4804 frames, [4.0 KB-8.0 KB]: 53 frames, [8.0 KB-16.0 KB]: 70 frames, [16.0 KB-32.0 KB]: 4007 frames, [32.0 KB-64.0 KB]: 42109 frames, [64.0 KB-128.0 KB]: 7392 frames, [128.0 KB-256.0 KB]: 8895 frames, [256.0 KB-0.5 MB]: 1283 frames, [0.5 MB-1.0 MB]: 21 frames, [1.0 MB-2.0 MB]: 79 frames, [2.0 MB-4.0 MB]: 49 frames, [4.0 MB-8.0 MB]: 31 frames
      Initial Block Size 4.0 MB
      Current Block Size 7.8 MB
      Peak Allocated Bytes 7.7 MB
      Overflow Count 17
    [ALLOC_TEMP_Loading.AsyncRead]
      Initial Block Size 64.0 KB
      Current Block Size 64.0 KB
      Peak Allocated Bytes 240 B
      Overflow Count 0
    [ALLOC_TEMP_Loading.PreloadManager]
      Initial Block Size 256.0 KB
      Current Block Size 0.5 MB
      Peak Allocated Bytes 511.5 KB
      Overflow Count 392755
    [ALLOC_TEMP_Background Job.Worker 8]
      Initial Block Size 32.0 KB
      Current Block Size 32.0 KB
      Peak Allocated Bytes 168 B
      Overflow Count 0
    [ALLOC_TEMP_Background Job.Worker 9]
      Initial Block Size 32.0 KB
      Current Block Size 32.0 KB
      Peak Allocated Bytes 168 B
      Overflow Count 0
    [ALLOC_TEMP_Job.Worker 0]
      Initial Block Size 256.0 KB
      Current Block Size 256.0 KB
      Peak Allocated Bytes 231.1 KB
      Overflow Count 0
    [ALLOC_TEMP_Background Job.Worker 10]
      Initial Block Size 32.0 KB
      Current Block Size 32.0 KB
      Peak Allocated Bytes 168 B
      Overflow Count 0
    [ALLOC_TEMP_Background Job.Worker 14]
      Initial Block Size 32.0 KB
      Current Block Size 32.0 KB
      Peak Allocated Bytes 168 B
      Overflow Count 0
    [ALLOC_TEMP_Background Job.Worker 6]
      Initial Block Size 32.0 KB
      Current Block Size 32.0 KB
      Peak Allocated Bytes 168 B
      Overflow Count 0
    [ALLOC_TEMP_Background Job.Worker 12]
      Initial Block Size 32.0 KB
      Current Block Size 32.0 KB
      Peak Allocated Bytes 168 B
      Overflow Count 0
    [ALLOC_TEMP_EnlightenWorker] x 2
      Initial Block Size 64.0 KB
      Current Block Size 64.0 KB
      Peak Allocated Bytes 0 B
      Overflow Count 0
    [ALLOC_TEMP_Background Job.Worker 15]
      Initial Block Size 32.0 KB
      Current Block Size 32.0 KB
      Peak Allocated Bytes 168 B
      Overflow Count 0
    [ALLOC_TEMP_Background Job.Worker 1]
      Initial Block Size 32.0 KB
      Current Block Size 32.0 KB
      Peak Allocated Bytes 168 B
      Overflow Count 1
    [ALLOC_TEMP_Background Job.Worker 2]
      Initial Block Size 32.0 KB
      Current Block Size 32.0 KB
      Peak Allocated Bytes 168 B
      Overflow Count 0
    [ALLOC_TEMP_Background Job.Worker 7]
      Initial Block Size 32.0 KB
      Current Block Size 32.0 KB
      Peak Allocated Bytes 168 B
      Overflow Count 0
    [ALLOC_TEMP_UnityGfxDeviceWorker]
      Initial Block Size 256.0 KB
      Current Block Size 256.0 KB
      Peak Allocated Bytes 184.6 KB
      Overflow Count 2
    [ALLOC_TEMP_NavMesh Builder.Worker 0]
      Initial Block Size 64.0 KB
      Current Block Size 64.0 KB
      Peak Allocated Bytes 0 B
      Overflow Count 0
    [ALLOC_TEMP_Background Job.Worker 5]
      Initial Block Size 32.0 KB
      Current Block Size 32.0 KB
      Peak Allocated Bytes 168 B
      Overflow Count 0
    [ALLOC_TEMP_AssetGarbageCollectorHelper] x 3
      Initial Block Size 64.0 KB
      Current Block Size 64.0 KB
      Peak Allocated Bytes 0 B
      Overflow Count 0
    [ALLOC_TEMP_Background Job.Worker 13]
      Initial Block Size 32.0 KB
      Current Block Size 32.0 KB
      Peak Allocated Bytes 168 B
      Overflow Count 0
    [ALLOC_TEMP_Job.Worker 1]
      Initial Block Size 256.0 KB
      Current Block Size 256.0 KB
      Peak Allocated Bytes 231.1 KB
      Overflow Count 0
    [ALLOC_TEMP_Job.Worker 2]
      Initial Block Size 256.0 KB
      Current Block Size 256.0 KB
      Peak Allocated Bytes 231.1 KB
      Overflow Count 0
    [ALLOC_TEMP_Background Job.Worker 3]
      Initial Block Size 32.0 KB
      Current Block Size 32.0 KB
      Peak Allocated Bytes 168 B
      Overflow Count 0
    [ALLOC_TEMP_Background Job.Worker 11]
      Initial Block Size 32.0 KB
      Current Block Size 32.0 KB
      Peak Allocated Bytes 168 B
      Overflow Count 0
    [ALLOC_TEMP_Background Job.Worker 0]
      Initial Block Size 32.0 KB
      Current Block Size 32.0 KB
      Peak Allocated Bytes 168 B
      Overflow Count 0
    [ALLOC_TEMP_Background Job.Worker 4]
      Initial Block Size 32.0 KB
      Current Block Size 32.0 KB
      Peak Allocated Bytes 168 B
      Overflow Count 0
    [ALLOC_TEMP_BatchDeleteObjects]
      Initial Block Size 64.0 KB
      Current Block Size 64.0 KB
      Peak Allocated Bytes 0 B
      Overflow Count 0
[ALLOC_DEFAULT] Dual Thread Allocator
  Peak main deferred allocation count 65111
    [ALLOC_BUCKET]
      Large Block size 4.0 MB
      Used Block count 1
      Peak Allocated bytes 4.0 MB
      Failed Allocations. Bucket layout:
        16B: 6 Subsections = 6144 buckets. Failed count: 14307674
        32B: 18 Subsections = 9216 buckets. Failed count: 2661636
        48B: 26 Subsections = 8874 buckets. Failed count: 31486966
        64B: 94 Subsections = 24064 buckets. Failed count: 7267425
        80B: 59 Subsections = 12083 buckets. Failed count: 1789724
        96B: 25 Subsections = 4266 buckets. Failed count: 9076453
        112B: 9 Subsections = 1316 buckets. Failed count: 576498
        128B: 19 Subsections = 2432 buckets. Failed count: 3270249
    [ALLOC_DEFAULT_MAIN]
      Peak usage frame count: [16.0 MB-32.0 MB]: 1 frames, [32.0 MB-64.0 MB]: 4190 frames, [64.0 MB-128.0 MB]: 5577 frames, [128.0 MB-256.0 MB]: 50206 frames, [256.0 MB-0.50 GB]: 8819 frames
      Requested Block Size 16.0 MB
      Peak Block count 17
      Peak Allocated memory 290.6 MB
      Peak Large allocation bytes 96.0 MB
    [ALLOC_DEFAULT_THREAD]
      Peak usage frame count: [4.0 MB-8.0 MB]: 1 frames, [8.0 MB-16.0 MB]: 26 frames, [16.0 MB-32.0 MB]: 2994 frames, [32.0 MB-64.0 MB]: 75 frames, [64.0 MB-128.0 MB]: 115 frames, [128.0 MB-256.0 MB]: 305 frames, [256.0 MB-0.50 GB]: 65277 frames
      Requested Block Size 16.0 MB
      Peak Block count 24
      Peak Allocated memory 332.7 MB
      Peak Large allocation bytes 36.0 MB
[ALLOC_TEMP_JOB_1_FRAME]
  Initial Block Size 2.0 MB
  Used Block Count 0
  Overflow Count (too large) 0
  Overflow Count (full) 0
[ALLOC_TEMP_JOB_2_FRAMES]
  Initial Block Size 2.0 MB
  Used Block Count 0
  Overflow Count (too large) 0
  Overflow Count (full) 0
[ALLOC_TEMP_JOB_4_FRAMES (JobTemp)]
  Initial Block Size 2.0 MB
  Used Block Count 1
  Overflow Count (too large) 0
  Overflow Count (full) 0
[ALLOC_TEMP_JOB_ASYNC (Background)]
  Initial Block Size 1.0 MB
  Used Block Count 1
  Overflow Count (too large) 4
  Overflow Count (full) 0
[ALLOC_GFX] Dual Thread Allocator
  Peak main deferred allocation count 8
    [ALLOC_BUCKET]
      Large Block size 4.0 MB
      Used Block count 1
      Peak Allocated bytes 4.0 MB
      Failed Allocations. Bucket layout:
        16B: 6 Subsections = 6144 buckets. Failed count: 14307674
        32B: 18 Subsections = 9216 buckets. Failed count: 2661636
        48B: 26 Subsections = 8874 buckets. Failed count: 31486966
        64B: 94 Subsections = 24064 buckets. Failed count: 7267425
        80B: 59 Subsections = 12083 buckets. Failed count: 1789724
        96B: 25 Subsections = 4266 buckets. Failed count: 9076453
        112B: 9 Subsections = 1316 buckets. Failed count: 576498
        128B: 19 Subsections = 2432 buckets. Failed count: 3270249
    [ALLOC_GFX_MAIN]
      Peak usage frame count: [32.0 KB-64.0 KB]: 3037 frames, [64.0 KB-128.0 KB]: 1 frames, [128.0 KB-256.0 KB]: 22 frames, [256.0 KB-0.5 MB]: 45 frames, [0.5 MB-1.0 MB]: 74 frames, [1.0 MB-2.0 MB]: 89 frames, [2.0 MB-4.0 MB]: 208 frames, [4.0 MB-8.0 MB]: 155 frames, [8.0 MB-16.0 MB]: 2982 frames, [64.0 MB-128.0 MB]: 62180 frames
      Requested Block Size 16.0 MB
      Peak Block count 3
      Peak Allocated memory 111.2 MB
      Peak Large allocation bytes 90.7 MB
    [ALLOC_GFX_THREAD]
      Peak usage frame count: [0-1.0 KB]: 1 frames, [0.5 MB-1.0 MB]: 3030 frames, [1.0 MB-2.0 MB]: 10 frames, [2.0 MB-4.0 MB]: 10 frames, [4.0 MB-8.0 MB]: 9 frames, [8.0 MB-16.0 MB]: 5 frames, [16.0 MB-32.0 MB]: 105 frames, [32.0 MB-64.0 MB]: 157 frames, [64.0 MB-128.0 MB]: 64124 frames, [128.0 MB-256.0 MB]: 1342 frames
      Requested Block Size 16.0 MB
      Peak Block count 9
      Peak Allocated memory 131.7 MB
      Peak Large allocation bytes 0 B
[ALLOC_CACHEOBJECTS] Dual Thread Allocator
  Peak main deferred allocation count 242
    [ALLOC_BUCKET]
      Large Block size 4.0 MB
      Used Block count 1
      Peak Allocated bytes 4.0 MB
      Failed Allocations. Bucket layout:
        16B: 6 Subsections = 6144 buckets. Failed count: 14307674
        32B: 18 Subsections = 9216 buckets. Failed count: 2661636
        48B: 26 Subsections = 8874 buckets. Failed count: 31486966
        64B: 94 Subsections = 24064 buckets. Failed count: 7267425
        80B: 59 Subsections = 12083 buckets. Failed count: 1789724
        96B: 25 Subsections = 4266 buckets. Failed count: 9076453
        112B: 9 Subsections = 1316 buckets. Failed count: 576498
        128B: 19 Subsections = 2432 buckets. Failed count: 3270249
    [ALLOC_CACHEOBJECTS_MAIN]
      Peak usage frame count: [2.0 MB-4.0 MB]: 1 frames, [16.0 MB-32.0 MB]: 3856 frames, [32.0 MB-64.0 MB]: 64935 frames, [64.0 MB-128.0 MB]: 1 frames
      Requested Block Size 4.0 MB
      Peak Block count 9
      Peak Allocated memory 66.6 MB
      Peak Large allocation bytes 34.8 MB
    [ALLOC_CACHEOBJECTS_THREAD]
      Peak usage frame count: [128.0 KB-256.0 KB]: 1 frames, [64.0 MB-128.0 MB]: 3019 frames, [128.0 MB-256.0 MB]: 81 frames, [256.0 MB-0.50 GB]: 64997 frames, [0.50 GB-1.00 GB]: 695 frames
      Requested Block Size 4.0 MB
      Peak Block count 111
      Peak Allocated memory 0.58 GB
      Peak Large allocation bytes 181.0 MB
[ALLOC_TYPETREE] Dual Thread Allocator
  Peak main deferred allocation count 136
    [ALLOC_BUCKET]
      Large Block size 4.0 MB
      Used Block count 1
      Peak Allocated bytes 4.0 MB
      Failed Allocations. Bucket layout:
        16B: 6 Subsections = 6144 buckets. Failed count: 14307674
        32B: 18 Subsections = 9216 buckets. Failed count: 2661636
        48B: 26 Subsections = 8874 buckets. Failed count: 31486966
        64B: 94 Subsections = 24064 buckets. Failed count: 7267425
        80B: 59 Subsections = 12083 buckets. Failed count: 1789724
        96B: 25 Subsections = 4266 buckets. Failed count: 9076453
        112B: 9 Subsections = 1316 buckets. Failed count: 576498
        128B: 19 Subsections = 2432 buckets. Failed count: 3270249
    [ALLOC_TYPETREE_MAIN]
      Peak usage frame count: [256.0 KB-0.5 MB]: 6612 frames, [1.0 MB-2.0 MB]: 62181 frames
      Requested Block Size 2.0 MB
      Peak Block count 1
      Peak Allocated memory 1.5 MB
      Peak Large allocation bytes 0 B
    [ALLOC_TYPETREE_THREAD]
      Peak usage frame count: [1.0 KB-2.0 KB]: 1 frames, [16.0 MB-32.0 MB]: 4 frames, [32.0 MB-64.0 MB]: 18 frames, [64.0 MB-128.0 MB]: 68770 frames
      Requested Block Size 2.0 MB
      Peak Block count 60
      Peak Allocated memory 114.7 MB
      Peak Large allocation bytes 0 B
